#
# TABLE STRUCTURE FOR: media
#

DROP TABLE IF EXISTS `media`;

CREATE TABLE `media` (
  `id` bigint(20) unsigned NOT NULL AUTO_INCREMENT,
  `media_type_id` bigint(20) unsigned DEFAULT NULL,
  `user_id` bigint(20) unsigned NOT NULL,
  `body` text COLLATE utf8mb4_unicode_ci DEFAULT NULL,
  `filename` varchar(255) COLLATE utf8mb4_unicode_ci DEFAULT NULL,
  `size` int(11) DEFAULT NULL,
  `metadata` longtext CHARACTER SET utf8mb4 COLLATE utf8mb4_bin DEFAULT NULL CHECK (json_valid(`metadata`)),
  `created_at` datetime DEFAULT current_timestamp(),
  `updated_at` datetime DEFAULT current_timestamp() ON UPDATE current_timestamp(),
  PRIMARY KEY (`id`),
  KEY `user_id` (`user_id`),
  KEY `media_type_id` (`media_type_id`),
  CONSTRAINT `media_ibfk_1` FOREIGN KEY (`user_id`) REFERENCES `users` (`id`) ON DELETE CASCADE ON UPDATE CASCADE,
  CONSTRAINT `media_ibfk_2` FOREIGN KEY (`media_type_id`) REFERENCES `media_types` (`id`) ON DELETE SET NULL ON UPDATE CASCADE
) ENGINE=InnoDB AUTO_INCREMENT=101 DEFAULT CHARSET=utf8mb4 COLLATE=utf8mb4_unicode_ci;

INSERT INTO `media` (`id`, `media_type_id`, `user_id`, `body`, `filename`, `size`, `metadata`, `created_at`, `updated_at`) VALUES ('1', '1', '1', 'Vero et velit iure deleniti eum qui. Dolores explicabo dolor reiciendis sit repellendus. Quas ut consequatur quam magnam numquam.', 'molestiae', 35498, NULL, '1979-10-19 16:52:56', '2019-01-22 07:34:08');
INSERT INTO `media` (`id`, `media_type_id`, `user_id`, `body`, `filename`, `size`, `metadata`, `created_at`, `updated_at`) VALUES ('2', '2', '2', 'Rerum aperiam aspernatur illum qui doloremque. Ut molestiae et quia fuga ut nostrum. Ex quibusdam temporibus maxime possimus voluptates dolor porro. Labore suscipit earum temporibus quia quibusdam. Ducimus molestiae odio optio nihil ut.', 'voluptas', 4069788, NULL, '2021-11-09 10:43:08', '1983-01-01 04:25:33');
INSERT INTO `media` (`id`, `media_type_id`, `user_id`, `body`, `filename`, `size`, `metadata`, `created_at`, `updated_at`) VALUES ('3', '3', '3', 'Doloribus nobis sequi delectus sed. Atque et sed ullam laudantium. Ut quia ipsum tenetur asperiores id sapiente dolor.', 'quibusdam', 696394, NULL, '1970-11-01 07:36:35', '1993-05-06 10:15:57');
INSERT INTO `media` (`id`, `media_type_id`, `user_id`, `body`, `filename`, `size`, `metadata`, `created_at`, `updated_at`) VALUES ('4', '4', '4', 'Ut eius illo consequatur. Et occaecati id occaecati autem voluptate atque. Illum est nesciunt excepturi aspernatur sapiente non. Ullam dolores voluptatem voluptatem dignissimos doloremque aut illo.', 'magnam', 0, NULL, '2009-10-09 06:51:11', '2014-07-12 13:58:42');
INSERT INTO `media` (`id`, `media_type_id`, `user_id`, `body`, `filename`, `size`, `metadata`, `created_at`, `updated_at`) VALUES ('5', '5', '5', 'Amet quasi at magnam cumque corrupti. Et illo rerum voluptatibus sed. Nihil reiciendis exercitationem sit qui. Est voluptates nobis et laudantium illo.', 'ea', 0, NULL, '2015-01-17 04:46:42', '2005-06-27 11:30:53');
INSERT INTO `media` (`id`, `media_type_id`, `user_id`, `body`, `filename`, `size`, `metadata`, `created_at`, `updated_at`) VALUES ('6', '6', '6', 'Eos accusantium aut vitae qui voluptates. Vel at veritatis est illo dolores dolor. Odit dolore facere dolorem aspernatur.', 'inventore', 2026814, NULL, '1982-04-05 06:49:12', '1997-11-16 13:43:42');
INSERT INTO `media` (`id`, `media_type_id`, `user_id`, `body`, `filename`, `size`, `metadata`, `created_at`, `updated_at`) VALUES ('7', '7', '7', 'Aut eius qui vitae illum atque suscipit ducimus rem. Hic unde reiciendis aut rerum voluptas exercitationem qui dolores. Molestias soluta sequi et nostrum eos quisquam. Quisquam accusamus recusandae asperiores voluptate voluptatem veniam modi.', 'distinctio', 9802, NULL, '1983-02-10 15:10:38', '1985-10-21 16:42:11');
INSERT INTO `media` (`id`, `media_type_id`, `user_id`, `body`, `filename`, `size`, `metadata`, `created_at`, `updated_at`) VALUES ('8', '8', '8', 'Quis occaecati dolorum at et laborum. Nihil consequatur expedita dolore sed sunt et hic maxime. Architecto officiis sit qui facere similique. Qui incidunt sequi qui qui itaque. Nulla reiciendis autem alias quia.', 'eius', 49, NULL, '1976-01-19 00:44:14', '2010-02-04 18:14:35');
INSERT INTO `media` (`id`, `media_type_id`, `user_id`, `body`, `filename`, `size`, `metadata`, `created_at`, `updated_at`) VALUES ('9', '9', '9', 'Et eum voluptatem dolorum harum non autem. Esse temporibus modi omnis perspiciatis minus quibusdam quis. Exercitationem odio et laboriosam iusto rerum. Eos aut architecto reiciendis rerum voluptas vero.', 'consequatur', 801852, NULL, '2008-12-29 23:43:30', '1986-05-11 16:16:20');
INSERT INTO `media` (`id`, `media_type_id`, `user_id`, `body`, `filename`, `size`, `metadata`, `created_at`, `updated_at`) VALUES ('10', '10', '10', 'Eaque sint maiores tenetur delectus id. Voluptate et enim unde minus velit laborum.', 'aperiam', 0, NULL, '1978-11-19 14:24:39', '1975-03-06 03:43:01');
INSERT INTO `media` (`id`, `media_type_id`, `user_id`, `body`, `filename`, `size`, `metadata`, `created_at`, `updated_at`) VALUES ('11', '11', '11', 'Soluta quaerat commodi aspernatur suscipit exercitationem in. Neque eius nulla cumque modi adipisci.', 'sit', 909985660, NULL, '1988-02-25 01:22:26', '1990-12-09 09:24:37');
INSERT INTO `media` (`id`, `media_type_id`, `user_id`, `body`, `filename`, `size`, `metadata`, `created_at`, `updated_at`) VALUES ('12', '12', '12', 'Magni reprehenderit voluptatem officiis et voluptates. Omnis et deserunt architecto veniam quo quo reprehenderit. Placeat hic sed iure perspiciatis fugit repudiandae.', 'sint', 57689398, NULL, '2017-09-23 16:44:16', '2019-07-23 10:59:28');
INSERT INTO `media` (`id`, `media_type_id`, `user_id`, `body`, `filename`, `size`, `metadata`, `created_at`, `updated_at`) VALUES ('13', '13', '13', 'Natus et quasi rem ipsa est. Molestiae praesentium beatae provident ullam consequatur. Voluptate accusamus sequi quae delectus magni praesentium unde.', 'commodi', 63205356, NULL, '1975-03-04 19:52:17', '1991-03-19 19:02:33');
INSERT INTO `media` (`id`, `media_type_id`, `user_id`, `body`, `filename`, `size`, `metadata`, `created_at`, `updated_at`) VALUES ('14', '14', '14', 'Voluptatem est officia voluptatem voluptatem exercitationem suscipit odit nostrum. Quod placeat dignissimos libero a. Ipsum aut et numquam nobis repellendus saepe. Voluptatem sed quia aliquam recusandae.', 'in', 5658, NULL, '1988-07-16 07:17:35', '2008-01-28 18:47:07');
INSERT INTO `media` (`id`, `media_type_id`, `user_id`, `body`, `filename`, `size`, `metadata`, `created_at`, `updated_at`) VALUES ('15', '15', '15', 'Aperiam ullam pariatur ab qui. Ut consequatur dolor illum enim deserunt sunt omnis. Iusto repellendus autem laudantium earum quae. Unde commodi architecto libero rerum in sit nobis. Iste est est dicta aliquid quidem rerum.', 'explicabo', 594, NULL, '1990-09-22 19:54:51', '1977-08-23 05:23:15');
INSERT INTO `media` (`id`, `media_type_id`, `user_id`, `body`, `filename`, `size`, `metadata`, `created_at`, `updated_at`) VALUES ('16', '16', '16', 'Eum optio quae facilis aliquid delectus officiis velit. Dolorem autem aut quas maxime ad est. Deserunt libero est illo a.', 'iusto', 8547569, NULL, '2021-02-16 07:36:48', '1984-11-08 14:28:05');
INSERT INTO `media` (`id`, `media_type_id`, `user_id`, `body`, `filename`, `size`, `metadata`, `created_at`, `updated_at`) VALUES ('17', '17', '17', 'Dicta quia culpa id inventore quia perspiciatis odit. Reiciendis harum rerum illum labore rerum. Quis laudantium in qui cupiditate voluptas iusto harum. Amet inventore cupiditate et aut eos dolores excepturi.', 'labore', 3, NULL, '1982-09-01 05:29:36', '1982-07-27 22:14:53');
INSERT INTO `media` (`id`, `media_type_id`, `user_id`, `body`, `filename`, `size`, `metadata`, `created_at`, `updated_at`) VALUES ('18', '18', '18', 'Sed quis impedit aliquam. Laborum dolores velit natus modi similique et. Quidem praesentium modi recusandae et. Eveniet quo earum ducimus quos natus vero.', 'earum', 105, NULL, '2015-09-25 23:45:49', '2023-02-23 08:03:14');
INSERT INTO `media` (`id`, `media_type_id`, `user_id`, `body`, `filename`, `size`, `metadata`, `created_at`, `updated_at`) VALUES ('19', '19', '19', 'Est tempore voluptas delectus quia. Consequuntur et quia aspernatur reiciendis fugit rem reprehenderit earum. Repellendus labore quos quia quos aut temporibus beatae. Accusantium dolor et vitae consequatur reprehenderit hic.', 'reiciendis', 31594, NULL, '1972-01-06 19:06:00', '1995-09-17 20:08:57');
INSERT INTO `media` (`id`, `media_type_id`, `user_id`, `body`, `filename`, `size`, `metadata`, `created_at`, `updated_at`) VALUES ('20', '20', '20', 'Incidunt delectus assumenda sed porro qui ut qui. Pariatur illo voluptas ab sint voluptatum. Provident et consequatur ut libero quisquam et aut.', 'harum', 5, NULL, '1978-09-29 13:54:33', '1970-03-29 12:51:59');
INSERT INTO `media` (`id`, `media_type_id`, `user_id`, `body`, `filename`, `size`, `metadata`, `created_at`, `updated_at`) VALUES ('21', '21', '21', 'Ipsa commodi ab et est. Aut mollitia non aut consectetur rerum debitis. Officiis enim id assumenda. Rerum quibusdam voluptatem tempora a fugit rem vero. Iste recusandae est omnis aut error soluta.', 'officiis', 93303, NULL, '2017-11-12 04:52:55', '2014-09-27 03:10:43');
INSERT INTO `media` (`id`, `media_type_id`, `user_id`, `body`, `filename`, `size`, `metadata`, `created_at`, `updated_at`) VALUES ('22', '22', '22', 'Est et molestiae sit explicabo. Facilis nam excepturi nobis consequuntur consequatur dolorum et. Exercitationem autem sunt et debitis totam eum qui.', 'impedit', 829, NULL, '1981-08-20 00:43:14', '2006-01-23 22:02:53');
INSERT INTO `media` (`id`, `media_type_id`, `user_id`, `body`, `filename`, `size`, `metadata`, `created_at`, `updated_at`) VALUES ('23', '23', '23', 'Beatae quisquam rem quia fuga nostrum totam ex. Hic iusto deserunt porro voluptatem veniam officia.', 'quibusdam', 97116, NULL, '2003-11-07 23:16:34', '1981-01-15 20:04:12');
INSERT INTO `media` (`id`, `media_type_id`, `user_id`, `body`, `filename`, `size`, `metadata`, `created_at`, `updated_at`) VALUES ('24', '24', '24', 'Quis nam ut libero molestias. Quibusdam est consectetur rerum atque non non perspiciatis. Enim doloremque et natus et. Saepe quidem enim molestias maxime aut nisi dignissimos numquam.', 'repellat', 9472746, NULL, '1981-06-01 05:46:57', '1973-12-30 08:47:34');
INSERT INTO `media` (`id`, `media_type_id`, `user_id`, `body`, `filename`, `size`, `metadata`, `created_at`, `updated_at`) VALUES ('25', '25', '25', 'Maxime veniam rem omnis iure. Omnis omnis nemo inventore fuga deserunt optio qui. Tempora error eligendi distinctio. Est sed tempore quo omnis ipsa consectetur aut. Non ullam voluptates porro sit harum.', 'in', 41512, NULL, '1988-01-07 16:20:20', '1971-10-30 01:06:53');
INSERT INTO `media` (`id`, `media_type_id`, `user_id`, `body`, `filename`, `size`, `metadata`, `created_at`, `updated_at`) VALUES ('26', '26', '26', 'Vel ea sapiente iste corrupti velit impedit voluptatem. Ut dolore voluptatem exercitationem cumque porro in. Et consequatur sed sit omnis iste voluptatem in. Est soluta autem rerum repellendus quae officiis.', 'corporis', 741, NULL, '2005-06-29 01:44:02', '2020-04-22 17:24:15');
INSERT INTO `media` (`id`, `media_type_id`, `user_id`, `body`, `filename`, `size`, `metadata`, `created_at`, `updated_at`) VALUES ('27', '27', '27', 'Blanditiis consectetur qui labore vero. Rerum voluptatibus architecto ex error odit odio repudiandae et. Repudiandae explicabo dicta accusantium fugiat.', 'impedit', 405204, NULL, '2019-07-13 11:04:27', '1998-01-03 01:20:32');
INSERT INTO `media` (`id`, `media_type_id`, `user_id`, `body`, `filename`, `size`, `metadata`, `created_at`, `updated_at`) VALUES ('28', '28', '28', 'Culpa vel rerum totam doloribus voluptatem eos. Ex rerum aut modi laboriosam qui. Rerum rerum aperiam eum voluptas aut quas voluptatum.', 'quibusdam', 18382, NULL, '1986-03-23 14:23:02', '1982-06-21 14:34:58');
INSERT INTO `media` (`id`, `media_type_id`, `user_id`, `body`, `filename`, `size`, `metadata`, `created_at`, `updated_at`) VALUES ('29', '29', '29', 'Corrupti voluptates qui molestiae velit velit placeat quisquam cumque. Aliquam ullam doloribus nihil totam suscipit eum molestiae. Suscipit beatae sunt exercitationem deleniti eum.', 'repudiandae', 9604193, NULL, '1986-05-29 03:59:52', '1997-10-22 15:31:34');
INSERT INTO `media` (`id`, `media_type_id`, `user_id`, `body`, `filename`, `size`, `metadata`, `created_at`, `updated_at`) VALUES ('30', '30', '30', 'Quasi labore aperiam amet deserunt doloremque delectus veniam. Harum nesciunt qui laudantium ut excepturi. Quo id et repellendus corrupti autem et. Aut ut est delectus porro occaecati fugit et.', 'et', 85090181, NULL, '2016-11-09 06:41:25', '2015-11-10 12:42:39');
INSERT INTO `media` (`id`, `media_type_id`, `user_id`, `body`, `filename`, `size`, `metadata`, `created_at`, `updated_at`) VALUES ('31', '31', '31', 'Veritatis molestiae sit aut iste ad possimus. Voluptate quibusdam odio aspernatur rerum quia. Pariatur saepe aut praesentium et natus unde non. Id consectetur earum soluta adipisci est.', 'eum', 0, NULL, '2001-01-14 18:07:25', '1985-11-22 02:54:34');
INSERT INTO `media` (`id`, `media_type_id`, `user_id`, `body`, `filename`, `size`, `metadata`, `created_at`, `updated_at`) VALUES ('32', '32', '32', 'Et sit est voluptas beatae expedita quisquam magni. Ratione odio beatae qui pariatur tempora ex modi. Omnis voluptates corporis similique tempore ipsum.', 'exercitationem', 648623, NULL, '1997-02-25 14:00:34', '1995-09-25 03:56:45');
INSERT INTO `media` (`id`, `media_type_id`, `user_id`, `body`, `filename`, `size`, `metadata`, `created_at`, `updated_at`) VALUES ('33', '33', '33', 'Facilis qui ab eaque laboriosam aliquid molestiae hic dignissimos. Fuga autem debitis vel consequatur. At non at non cupiditate.', 'est', 655, NULL, '1998-03-22 21:26:20', '1976-12-27 19:07:07');
INSERT INTO `media` (`id`, `media_type_id`, `user_id`, `body`, `filename`, `size`, `metadata`, `created_at`, `updated_at`) VALUES ('34', '34', '34', 'Temporibus sint error autem amet laudantium vitae. Quibusdam et numquam sed voluptatum autem officia molestias.', 'alias', 82246, NULL, '2016-03-09 23:04:36', '2023-01-30 03:19:59');
INSERT INTO `media` (`id`, `media_type_id`, `user_id`, `body`, `filename`, `size`, `metadata`, `created_at`, `updated_at`) VALUES ('35', '35', '35', 'Est rem expedita aut dignissimos sunt labore aut ea. Facere dolorum quis natus molestiae accusamus nulla quis. Quos ea sunt exercitationem iusto ad illo consequatur.', 'aspernatur', 2821589, NULL, '2016-12-10 23:20:43', '2022-07-17 16:50:24');
INSERT INTO `media` (`id`, `media_type_id`, `user_id`, `body`, `filename`, `size`, `metadata`, `created_at`, `updated_at`) VALUES ('36', '36', '36', 'Blanditiis natus assumenda quaerat vel. Enim sint voluptas repellat temporibus omnis. Dolores omnis ut nobis cum.', 'debitis', 1, NULL, '2000-10-06 12:29:39', '1980-05-29 08:56:01');
INSERT INTO `media` (`id`, `media_type_id`, `user_id`, `body`, `filename`, `size`, `metadata`, `created_at`, `updated_at`) VALUES ('37', '37', '37', 'Est aut expedita quia et ut facere. Facere blanditiis voluptatum quaerat. Non dolores quod quos quis voluptas exercitationem hic. Reprehenderit necessitatibus nobis impedit aspernatur accusamus aut.', 'tempore', 22146779, NULL, '2018-08-28 01:46:25', '2002-09-26 03:21:21');
INSERT INTO `media` (`id`, `media_type_id`, `user_id`, `body`, `filename`, `size`, `metadata`, `created_at`, `updated_at`) VALUES ('38', '38', '38', 'Aut alias ea qui similique. Excepturi est qui rerum voluptatem. Earum dolorem magnam qui suscipit.', 'mollitia', 896269, NULL, '1996-10-28 00:07:06', '1980-02-27 04:12:19');
INSERT INTO `media` (`id`, `media_type_id`, `user_id`, `body`, `filename`, `size`, `metadata`, `created_at`, `updated_at`) VALUES ('39', '39', '39', 'Ducimus voluptas consequatur qui quas. Culpa atque quia dolore amet in. Consectetur ratione recusandae at quisquam beatae modi eos. Ut ullam exercitationem molestiae et vero animi qui.', 'tempora', 639589, NULL, '2002-12-28 02:05:16', '2003-01-31 06:40:50');
INSERT INTO `media` (`id`, `media_type_id`, `user_id`, `body`, `filename`, `size`, `metadata`, `created_at`, `updated_at`) VALUES ('40', '40', '40', 'Tempora unde in dicta qui autem. Repellat explicabo non animi sit soluta. Reprehenderit dolorem id velit tempora et quia et accusantium.', 'autem', 3, NULL, '2003-07-07 13:49:24', '1996-05-28 19:01:47');
INSERT INTO `media` (`id`, `media_type_id`, `user_id`, `body`, `filename`, `size`, `metadata`, `created_at`, `updated_at`) VALUES ('41', '41', '41', 'Minima laudantium quae dolor eos ipsum. Dolore repellendus et consequatur aut beatae vel sed repellat. Accusamus suscipit sunt possimus recusandae est omnis similique. Aut laboriosam enim nesciunt vel in.', 'sit', 959801, NULL, '1989-06-15 00:33:25', '2002-06-14 11:01:12');
INSERT INTO `media` (`id`, `media_type_id`, `user_id`, `body`, `filename`, `size`, `metadata`, `created_at`, `updated_at`) VALUES ('42', '42', '42', 'Quia aut explicabo qui non voluptatum rerum. Qui vero neque modi.', 'iste', 94, NULL, '1974-01-10 23:34:03', '1989-01-10 11:10:45');
INSERT INTO `media` (`id`, `media_type_id`, `user_id`, `body`, `filename`, `size`, `metadata`, `created_at`, `updated_at`) VALUES ('43', '43', '43', 'Aut rerum eligendi doloribus. Quisquam praesentium asperiores numquam quod non quos debitis.', 'architecto', 910, NULL, '2017-12-20 07:08:40', '2016-07-18 15:57:34');
INSERT INTO `media` (`id`, `media_type_id`, `user_id`, `body`, `filename`, `size`, `metadata`, `created_at`, `updated_at`) VALUES ('44', '44', '44', 'Quos mollitia culpa ipsam est aliquam eum nihil dolores. Molestiae reprehenderit minus beatae ipsa ut nihil debitis. Ea sed autem expedita numquam. Molestiae aut aut sit expedita esse ullam eaque.', 'sed', 20073, NULL, '1998-06-23 19:53:54', '2018-09-14 19:37:50');
INSERT INTO `media` (`id`, `media_type_id`, `user_id`, `body`, `filename`, `size`, `metadata`, `created_at`, `updated_at`) VALUES ('45', '45', '45', 'Sunt non id quibusdam illo animi ea. Non quia harum et consequuntur doloribus fuga. Et praesentium optio voluptatibus incidunt ipsam. Quia et cumque molestias assumenda enim ipsa dolore.', 'a', 26724670, NULL, '1974-08-21 22:27:06', '1993-08-01 10:38:21');
INSERT INTO `media` (`id`, `media_type_id`, `user_id`, `body`, `filename`, `size`, `metadata`, `created_at`, `updated_at`) VALUES ('46', '46', '46', 'Molestiae totam sunt nobis in nobis doloribus. Consequatur tenetur voluptas quia vitae beatae consequatur. Laudantium aut aut quidem consequatur labore exercitationem. Qui quibusdam optio et dolore.', 'quasi', 0, NULL, '2010-02-11 23:10:24', '1999-04-24 22:07:24');
INSERT INTO `media` (`id`, `media_type_id`, `user_id`, `body`, `filename`, `size`, `metadata`, `created_at`, `updated_at`) VALUES ('47', '47', '47', 'Et autem voluptatem distinctio velit. Ut cupiditate distinctio qui nulla. Iusto qui voluptates sit et.', 'quae', 3384, NULL, '2004-10-30 21:33:14', '1970-11-06 14:28:54');
INSERT INTO `media` (`id`, `media_type_id`, `user_id`, `body`, `filename`, `size`, `metadata`, `created_at`, `updated_at`) VALUES ('48', '48', '48', 'Ipsam qui eligendi omnis id consequatur sed. Omnis eaque repellat voluptatibus tenetur reprehenderit cum. Qui natus quo a doloribus.', 'voluptas', 4523, NULL, '2022-09-12 13:23:19', '1992-07-05 22:28:06');
INSERT INTO `media` (`id`, `media_type_id`, `user_id`, `body`, `filename`, `size`, `metadata`, `created_at`, `updated_at`) VALUES ('49', '49', '49', 'Est minus distinctio rem deserunt aut. Veritatis explicabo quia voluptates sit ab quasi assumenda fuga. Est ab aut libero facilis aut praesentium. Ad magni dicta rerum iste quibusdam repellendus.', 'omnis', 491185, NULL, '1995-12-25 17:14:32', '2023-01-11 04:38:10');
INSERT INTO `media` (`id`, `media_type_id`, `user_id`, `body`, `filename`, `size`, `metadata`, `created_at`, `updated_at`) VALUES ('50', '50', '50', 'Et ut dicta optio. Exercitationem ea optio eligendi laudantium. Nemo omnis est occaecati id accusantium architecto. Vero aut quas perferendis voluptatibus totam eum.', 'voluptatem', 96374211, NULL, '1981-07-15 06:41:21', '2008-10-03 01:02:37');
INSERT INTO `media` (`id`, `media_type_id`, `user_id`, `body`, `filename`, `size`, `metadata`, `created_at`, `updated_at`) VALUES ('51', '51', '51', 'Ex quos rerum aut ullam beatae natus. Et qui ut architecto sequi ducimus nam sit. Dolorum voluptatibus eos error qui. Aperiam voluptatibus est rem et dolore facere.', 'hic', 721265843, NULL, '1975-10-28 22:50:38', '2020-03-26 13:35:06');
INSERT INTO `media` (`id`, `media_type_id`, `user_id`, `body`, `filename`, `size`, `metadata`, `created_at`, `updated_at`) VALUES ('52', '52', '52', 'Dolorem rerum nostrum qui autem facere nemo. Dolorem velit sapiente aut tenetur modi omnis. Architecto consequatur tenetur quo tempore. Et nobis magnam minima qui.', 'reiciendis', 58, NULL, '1988-08-08 07:56:38', '1977-09-05 23:40:34');
INSERT INTO `media` (`id`, `media_type_id`, `user_id`, `body`, `filename`, `size`, `metadata`, `created_at`, `updated_at`) VALUES ('53', '53', '53', 'Quibusdam itaque qui praesentium est modi eveniet. Est asperiores distinctio veritatis a optio dicta. Facere voluptatum nam non exercitationem voluptate esse dolorem. Sunt quo facere culpa laboriosam ut rem aut.', 'consequatur', 303, NULL, '2001-05-28 07:30:10', '1980-09-26 21:56:53');
INSERT INTO `media` (`id`, `media_type_id`, `user_id`, `body`, `filename`, `size`, `metadata`, `created_at`, `updated_at`) VALUES ('54', '54', '54', 'Libero rerum ut excepturi. Ea rerum sunt odio sint vel nobis. Voluptatem qui ut aspernatur corrupti aperiam quae et non. Ut ducimus repellat tempore.', 'quae', 91189, NULL, '2020-07-17 19:39:35', '1986-03-14 15:50:52');
INSERT INTO `media` (`id`, `media_type_id`, `user_id`, `body`, `filename`, `size`, `metadata`, `created_at`, `updated_at`) VALUES ('55', '55', '55', 'Quod ullam eum consequatur eos ad numquam. Aspernatur fuga ut rerum omnis error tempora. Omnis quo corporis unde cumque.', 'minus', 98166947, NULL, '2006-05-16 13:49:11', '2002-08-10 01:32:48');
INSERT INTO `media` (`id`, `media_type_id`, `user_id`, `body`, `filename`, `size`, `metadata`, `created_at`, `updated_at`) VALUES ('56', '56', '56', 'Deleniti ab et odio sint. Et omnis reprehenderit sint. Deserunt aspernatur amet voluptate culpa qui tempore sint.', 'inventore', 734117752, NULL, '2009-07-01 10:42:17', '1975-02-19 12:20:57');
INSERT INTO `media` (`id`, `media_type_id`, `user_id`, `body`, `filename`, `size`, `metadata`, `created_at`, `updated_at`) VALUES ('57', '57', '57', 'Saepe dolorum dolore laudantium distinctio ut quas iste. In modi libero sunt beatae. Possimus ea odio quis delectus omnis harum laudantium vel.', 'id', 3772651, NULL, '2001-01-04 01:34:37', '2005-01-30 10:27:35');
INSERT INTO `media` (`id`, `media_type_id`, `user_id`, `body`, `filename`, `size`, `metadata`, `created_at`, `updated_at`) VALUES ('58', '58', '58', 'Nobis nisi reiciendis autem ut. Officiis laudantium illum aut cupiditate laudantium sed molestiae autem. Nemo eum adipisci fuga aperiam.', 'debitis', 72345, NULL, '1970-05-04 10:06:58', '2015-12-19 10:23:55');
INSERT INTO `media` (`id`, `media_type_id`, `user_id`, `body`, `filename`, `size`, `metadata`, `created_at`, `updated_at`) VALUES ('59', '59', '59', 'Laudantium itaque praesentium enim possimus. Ut rerum nostrum excepturi quia cumque eius. Fugiat minima distinctio est nobis laboriosam illo dolorum. Voluptas neque ut quod sed et ut.', 'rerum', 89086592, NULL, '2007-03-12 08:36:51', '1996-03-19 15:31:08');
INSERT INTO `media` (`id`, `media_type_id`, `user_id`, `body`, `filename`, `size`, `metadata`, `created_at`, `updated_at`) VALUES ('60', '60', '60', 'In et hic atque nulla. Quam quia qui totam temporibus et eius. Sit officia itaque aliquam repellendus. Et voluptatem sunt qui qui non. Nisi voluptatum maiores qui corrupti enim.', 'quam', 496, NULL, '2020-11-26 18:41:56', '1996-11-26 12:02:15');
INSERT INTO `media` (`id`, `media_type_id`, `user_id`, `body`, `filename`, `size`, `metadata`, `created_at`, `updated_at`) VALUES ('61', '61', '61', 'Id eligendi aut voluptas nihil ut. Omnis minus cupiditate sit sit perspiciatis. Perspiciatis cum quia quae autem consequatur provident et sunt. Reprehenderit et consequatur quis ut sint culpa aut.', 'sit', 619, NULL, '1979-06-04 02:20:39', '2018-12-17 08:28:41');
INSERT INTO `media` (`id`, `media_type_id`, `user_id`, `body`, `filename`, `size`, `metadata`, `created_at`, `updated_at`) VALUES ('62', '62', '62', 'Nam accusamus repellat dolores consequatur eos sint. Necessitatibus hic animi quo explicabo. Reprehenderit unde quam et minima officia voluptatum perspiciatis.', 'aut', 175414, NULL, '1977-04-13 14:36:24', '1984-03-07 15:10:51');
INSERT INTO `media` (`id`, `media_type_id`, `user_id`, `body`, `filename`, `size`, `metadata`, `created_at`, `updated_at`) VALUES ('63', '63', '63', 'Corporis magnam id qui quibusdam rerum. Soluta voluptatum blanditiis ullam fugiat sit aperiam inventore ipsam. Error qui a excepturi nesciunt temporibus sit.', 'eos', 39804, NULL, '2002-12-27 01:11:15', '2014-08-17 16:45:14');
INSERT INTO `media` (`id`, `media_type_id`, `user_id`, `body`, `filename`, `size`, `metadata`, `created_at`, `updated_at`) VALUES ('64', '64', '64', 'At atque temporibus voluptates voluptate dolor. Harum amet quos odio necessitatibus non similique consequatur. Totam occaecati quisquam sapiente cumque.', 'debitis', 8, NULL, '1976-04-18 20:51:07', '2022-10-30 17:02:04');
INSERT INTO `media` (`id`, `media_type_id`, `user_id`, `body`, `filename`, `size`, `metadata`, `created_at`, `updated_at`) VALUES ('65', '65', '65', 'Provident quia aliquid voluptates quis ab magnam voluptas. Cumque delectus expedita nobis officiis hic at.', 'a', 69981, NULL, '2000-03-15 10:47:13', '2000-01-26 22:25:03');
INSERT INTO `media` (`id`, `media_type_id`, `user_id`, `body`, `filename`, `size`, `metadata`, `created_at`, `updated_at`) VALUES ('66', '66', '66', 'Minima quae enim doloribus dolor consequuntur excepturi. Enim dolor dolores quia qui sit saepe voluptas. Tenetur sit fugiat fugiat et inventore cum modi eaque.', 'est', 126911, NULL, '1992-05-20 21:50:01', '1998-10-19 13:22:17');
INSERT INTO `media` (`id`, `media_type_id`, `user_id`, `body`, `filename`, `size`, `metadata`, `created_at`, `updated_at`) VALUES ('67', '67', '67', 'Ipsum magnam quo sequi voluptas et voluptas neque dolor. Eius sit nisi dolores dolore voluptates qui quas. Necessitatibus ipsa doloremque iusto voluptatem.', 'tempora', 91986273, NULL, '2006-09-22 01:13:25', '1983-08-13 15:03:51');
INSERT INTO `media` (`id`, `media_type_id`, `user_id`, `body`, `filename`, `size`, `metadata`, `created_at`, `updated_at`) VALUES ('68', '68', '68', 'Quae omnis labore recusandae reiciendis. Quae ipsa sit pariatur dicta omnis et ducimus. Vero molestiae molestiae qui.', 'magni', 0, NULL, '1998-09-30 00:32:22', '1973-08-27 02:25:36');
INSERT INTO `media` (`id`, `media_type_id`, `user_id`, `body`, `filename`, `size`, `metadata`, `created_at`, `updated_at`) VALUES ('69', '69', '69', 'Ea voluptates et earum ipsa aperiam eum. Beatae modi eum eius quaerat in et. Expedita aut fuga sed nihil.', 'perferendis', 41910984, NULL, '2009-01-02 05:33:17', '2017-06-18 09:07:52');
INSERT INTO `media` (`id`, `media_type_id`, `user_id`, `body`, `filename`, `size`, `metadata`, `created_at`, `updated_at`) VALUES ('70', '70', '70', 'Ut eum eveniet assumenda quia. Sunt asperiores natus fugiat delectus vitae. Eum ut aut consequatur dicta animi voluptatem. Aperiam repellat vero suscipit quia id ut.', 'cupiditate', 39057, NULL, '1984-06-13 14:35:49', '2019-09-13 10:49:10');
INSERT INTO `media` (`id`, `media_type_id`, `user_id`, `body`, `filename`, `size`, `metadata`, `created_at`, `updated_at`) VALUES ('71', '71', '71', 'Debitis voluptas distinctio sed officiis. Dolorem velit sit rerum harum. Explicabo quis et et culpa. Quibusdam iusto ad omnis eligendi blanditiis omnis sapiente. Et illum nostrum magnam voluptatem modi.', 'esse', 8, NULL, '1984-11-07 16:49:50', '1974-06-29 22:02:28');
INSERT INTO `media` (`id`, `media_type_id`, `user_id`, `body`, `filename`, `size`, `metadata`, `created_at`, `updated_at`) VALUES ('72', '72', '72', 'Sed ut eligendi ut. Repellendus incidunt ea illo. Aut nisi assumenda voluptate voluptatum eos. Id quisquam nobis amet.', 'provident', 4159, NULL, '2019-10-21 08:58:46', '1987-09-19 17:22:01');
INSERT INTO `media` (`id`, `media_type_id`, `user_id`, `body`, `filename`, `size`, `metadata`, `created_at`, `updated_at`) VALUES ('73', '73', '73', 'Facere neque temporibus et dolorum. Dolore praesentium et omnis voluptatem aut magni. Illum adipisci et harum ad voluptas voluptatibus corrupti. Inventore ea dolores animi sed qui quisquam qui.', 'adipisci', 70088494, NULL, '1976-02-03 03:15:18', '1975-05-07 21:00:58');
INSERT INTO `media` (`id`, `media_type_id`, `user_id`, `body`, `filename`, `size`, `metadata`, `created_at`, `updated_at`) VALUES ('74', '74', '74', 'Nostrum porro quia odit quis et. Ut fuga voluptatem et vel. Facilis rerum quisquam porro accusamus accusamus. Optio deserunt aliquam error aut qui cumque aliquid odio.', 'molestiae', 45350895, NULL, '1987-04-18 18:47:36', '2012-04-28 10:15:06');
INSERT INTO `media` (`id`, `media_type_id`, `user_id`, `body`, `filename`, `size`, `metadata`, `created_at`, `updated_at`) VALUES ('75', '75', '75', 'Vel sit et cumque consequatur pariatur atque. Sapiente et voluptatem quibusdam aspernatur et. In eaque ea est nulla vel est id. Voluptatibus odit veniam explicabo accusamus est iure eveniet.', 'id', 9, NULL, '1981-06-14 17:44:40', '2021-05-29 12:01:16');
INSERT INTO `media` (`id`, `media_type_id`, `user_id`, `body`, `filename`, `size`, `metadata`, `created_at`, `updated_at`) VALUES ('76', '76', '76', 'Laudantium doloribus rem a voluptatibus sunt veritatis. Excepturi minima et sit omnis accusamus. Quisquam odio dolore consequatur et ea et. Eum tenetur libero id voluptatem. Sed unde tenetur quia occaecati at.', 'et', 44, NULL, '2011-09-29 16:16:26', '1972-01-01 23:10:18');
INSERT INTO `media` (`id`, `media_type_id`, `user_id`, `body`, `filename`, `size`, `metadata`, `created_at`, `updated_at`) VALUES ('77', '77', '77', 'Maiores eos molestias veritatis corporis. Ut rerum et rerum et qui sint eos. Deserunt nam aperiam vel officiis. Dolore aliquam in nesciunt.', 'optio', 925210, NULL, '2010-06-06 22:48:36', '1971-06-13 16:15:13');
INSERT INTO `media` (`id`, `media_type_id`, `user_id`, `body`, `filename`, `size`, `metadata`, `created_at`, `updated_at`) VALUES ('78', '78', '78', 'Sed ea fugit aut iure asperiores. Assumenda et rerum quis error nihil accusantium est ea. Vitae autem sit asperiores molestiae corporis magni fuga.', 'cupiditate', 0, NULL, '1988-12-14 14:54:45', '2010-02-08 14:41:15');
INSERT INTO `media` (`id`, `media_type_id`, `user_id`, `body`, `filename`, `size`, `metadata`, `created_at`, `updated_at`) VALUES ('79', '79', '79', 'Dolorum qui voluptate aut. Vitae odio distinctio rerum ut. Perferendis corporis temporibus minima qui pariatur. Reiciendis sit voluptates ab sed.', 'assumenda', 844, NULL, '2000-06-26 04:26:59', '1971-03-29 12:15:31');
INSERT INTO `media` (`id`, `media_type_id`, `user_id`, `body`, `filename`, `size`, `metadata`, `created_at`, `updated_at`) VALUES ('80', '80', '80', 'Quia voluptatum optio illum. Aut velit doloremque aut dolor alias repudiandae. Repellendus quaerat modi quaerat perferendis. Et pariatur veritatis aliquid incidunt qui.', 'velit', 0, NULL, '1999-02-14 11:27:13', '1988-08-06 05:50:37');
INSERT INTO `media` (`id`, `media_type_id`, `user_id`, `body`, `filename`, `size`, `metadata`, `created_at`, `updated_at`) VALUES ('81', '81', '81', 'Qui officiis voluptatibus dolores fugit est nulla et. Fuga quibusdam sapiente sunt veniam.', 'incidunt', 3, NULL, '2019-07-21 07:41:22', '2016-04-21 22:58:43');
INSERT INTO `media` (`id`, `media_type_id`, `user_id`, `body`, `filename`, `size`, `metadata`, `created_at`, `updated_at`) VALUES ('82', '82', '82', 'Rem illum asperiores quis. Similique iusto ipsa consequatur maiores quas provident. Et omnis nihil debitis qui et qui reiciendis explicabo.', 'libero', 251395, NULL, '1977-11-09 10:30:02', '1987-07-19 10:39:55');
INSERT INTO `media` (`id`, `media_type_id`, `user_id`, `body`, `filename`, `size`, `metadata`, `created_at`, `updated_at`) VALUES ('83', '83', '83', 'Et reiciendis deleniti aliquid quaerat. Doloremque dolorem et voluptatem consequatur eius. Consequuntur eaque qui ut omnis ipsam. Iste et praesentium magnam aliquid tempora libero.', 'nihil', 4, NULL, '1997-02-24 09:54:32', '1991-06-18 01:52:07');
INSERT INTO `media` (`id`, `media_type_id`, `user_id`, `body`, `filename`, `size`, `metadata`, `created_at`, `updated_at`) VALUES ('84', '84', '84', 'Laborum quod vel eos autem. Sint possimus maiores explicabo dolores tenetur. Exercitationem ut id cum distinctio eos facilis quis. Facilis fugit a inventore nemo officiis eveniet tempora.', 'sed', 30176, NULL, '1970-08-26 14:05:49', '1983-11-24 15:01:51');
INSERT INTO `media` (`id`, `media_type_id`, `user_id`, `body`, `filename`, `size`, `metadata`, `created_at`, `updated_at`) VALUES ('85', '85', '85', 'Ab laudantium reiciendis nihil eveniet aliquid quos. Cum deserunt tenetur excepturi commodi. Non et voluptatibus id hic. Maxime aut rem eaque aut ut magni.', 'totam', 92551, NULL, '2007-02-28 02:52:06', '2004-03-08 05:50:13');
INSERT INTO `media` (`id`, `media_type_id`, `user_id`, `body`, `filename`, `size`, `metadata`, `created_at`, `updated_at`) VALUES ('86', '86', '86', 'Quidem sapiente omnis et praesentium. Provident vitae qui ut sunt nisi repellendus dolorem suscipit. Velit nesciunt quia dolore eos aut facere.', 'atque', 13370171, NULL, '1985-03-22 07:35:45', '1998-04-12 00:35:54');
INSERT INTO `media` (`id`, `media_type_id`, `user_id`, `body`, `filename`, `size`, `metadata`, `created_at`, `updated_at`) VALUES ('87', '87', '87', 'Vel natus voluptatem et mollitia odio est laboriosam. Enim magnam atque dolor cum esse. Excepturi modi atque placeat similique cupiditate illum fugit alias.', 'ullam', 52, NULL, '2000-02-09 02:00:01', '2015-08-13 06:06:44');
INSERT INTO `media` (`id`, `media_type_id`, `user_id`, `body`, `filename`, `size`, `metadata`, `created_at`, `updated_at`) VALUES ('88', '88', '88', 'Aspernatur et ullam rerum porro. Repellat enim amet et aperiam. Provident dolore necessitatibus ex sit.', 'necessitatibus', 989, NULL, '2014-01-17 23:45:19', '1990-11-19 13:50:50');
INSERT INTO `media` (`id`, `media_type_id`, `user_id`, `body`, `filename`, `size`, `metadata`, `created_at`, `updated_at`) VALUES ('89', '89', '89', 'Blanditiis aut sint sapiente dignissimos odio. Aut ut corrupti velit omnis voluptates corporis quibusdam et.', 'et', 48442776, NULL, '2018-02-04 13:32:36', '1971-04-14 10:54:38');
INSERT INTO `media` (`id`, `media_type_id`, `user_id`, `body`, `filename`, `size`, `metadata`, `created_at`, `updated_at`) VALUES ('90', '90', '90', 'Labore odio nobis odio alias at ut. Repellat asperiores repellendus quia reiciendis cumque sed. Qui eum et iste autem qui voluptas quidem debitis. Voluptate corporis qui adipisci aut suscipit et odio.', 'qui', 450, NULL, '1988-06-16 18:07:07', '1990-04-13 06:45:35');
INSERT INTO `media` (`id`, `media_type_id`, `user_id`, `body`, `filename`, `size`, `metadata`, `created_at`, `updated_at`) VALUES ('91', '91', '91', 'Vitae explicabo pariatur voluptas est ut natus praesentium. Quisquam distinctio at asperiores reprehenderit. Est sed aut molestiae sit quidem.', 'neque', 286057, NULL, '2021-03-07 00:19:37', '2022-06-26 19:30:57');
INSERT INTO `media` (`id`, `media_type_id`, `user_id`, `body`, `filename`, `size`, `metadata`, `created_at`, `updated_at`) VALUES ('92', '92', '92', 'Quo explicabo rerum ipsum inventore aspernatur aut. Sint tempore maxime rerum accusantium. Rerum consectetur nemo accusantium quibusdam et omnis. Quaerat iure architecto dolorem vero.', 'sed', 6315884, NULL, '2011-02-23 12:45:37', '1971-09-16 20:11:46');
INSERT INTO `media` (`id`, `media_type_id`, `user_id`, `body`, `filename`, `size`, `metadata`, `created_at`, `updated_at`) VALUES ('93', '93', '93', 'Beatae voluptatum corrupti et et exercitationem. Officiis aspernatur molestiae et voluptas aperiam eligendi commodi. Velit quo in et non.', 'et', 928247, NULL, '1984-05-17 13:58:27', '1989-09-23 08:03:59');
INSERT INTO `media` (`id`, `media_type_id`, `user_id`, `body`, `filename`, `size`, `metadata`, `created_at`, `updated_at`) VALUES ('94', '94', '94', 'Veritatis non possimus atque facere autem temporibus non. Repudiandae autem neque beatae pariatur non voluptatem. Est adipisci veniam repellendus quibusdam excepturi harum.', 'temporibus', 4565, NULL, '1983-04-18 16:14:15', '1973-12-18 07:33:13');
INSERT INTO `media` (`id`, `media_type_id`, `user_id`, `body`, `filename`, `size`, `metadata`, `created_at`, `updated_at`) VALUES ('95', '95', '95', 'Voluptates modi ut perferendis in ea dolores libero. Dignissimos fugiat amet fugiat ut.', 'laboriosam', 8172, NULL, '2021-03-02 19:25:51', '1981-02-03 03:43:48');
INSERT INTO `media` (`id`, `media_type_id`, `user_id`, `body`, `filename`, `size`, `metadata`, `created_at`, `updated_at`) VALUES ('96', '96', '96', 'Suscipit voluptates excepturi dignissimos magni rerum quidem odio. Occaecati perspiciatis ea eius ipsum quod a. Et dolor molestiae eos voluptatem facere id exercitationem. Autem totam culpa cumque quis repudiandae ut voluptatum. Dolor fuga nihil porro provident ut autem consequatur voluptatem.', 'perferendis', 6, NULL, '2003-01-29 20:02:38', '2002-09-07 07:24:05');
INSERT INTO `media` (`id`, `media_type_id`, `user_id`, `body`, `filename`, `size`, `metadata`, `created_at`, `updated_at`) VALUES ('97', '97', '97', 'Totam quo et inventore temporibus laudantium. Autem placeat consequuntur quo aliquid. Voluptates consequatur autem dicta ut autem a.', 'ut', 63148811, NULL, '2010-11-22 05:54:08', '1981-06-19 08:30:05');
INSERT INTO `media` (`id`, `media_type_id`, `user_id`, `body`, `filename`, `size`, `metadata`, `created_at`, `updated_at`) VALUES ('98', '98', '98', 'Voluptatibus facilis quis sit nam qui repudiandae. Quisquam praesentium eum quisquam excepturi sed sunt quod. In animi voluptatibus rerum nobis voluptatem sequi delectus. Nobis amet at quo ab facere.', 'quibusdam', 143800, NULL, '2000-12-09 09:07:37', '1988-02-02 08:30:55');
INSERT INTO `media` (`id`, `media_type_id`, `user_id`, `body`, `filename`, `size`, `metadata`, `created_at`, `updated_at`) VALUES ('99', '99', '99', 'Voluptate in sit eum illum. Unde nulla quas architecto voluptates aperiam tenetur.', 'provident', 32150591, NULL, '1985-08-31 02:15:17', '2021-08-27 12:27:57');
INSERT INTO `media` (`id`, `media_type_id`, `user_id`, `body`, `filename`, `size`, `metadata`, `created_at`, `updated_at`) VALUES ('100', '100', '100', 'Ut aut dignissimos molestiae et deserunt soluta. Reiciendis odio illum vero voluptas et eveniet. Aperiam in vero eum delectus et. Molestiae quisquam reprehenderit sed sint natus.', 'est', 31403795, NULL, '1971-07-29 08:18:00', '1987-03-16 18:17:28');


#
# TABLE STRUCTURE FOR: media_types
#

DROP TABLE IF EXISTS `media_types`;

CREATE TABLE `media_types` (
  `id` bigint(20) unsigned NOT NULL AUTO_INCREMENT,
  `name` varchar(255) COLLATE utf8mb4_unicode_ci DEFAULT NULL,
  `created_at` datetime DEFAULT current_timestamp(),
  `updated_at` datetime DEFAULT current_timestamp() ON UPDATE current_timestamp(),
  PRIMARY KEY (`id`)
) ENGINE=InnoDB AUTO_INCREMENT=101 DEFAULT CHARSET=utf8mb4 COLLATE=utf8mb4_unicode_ci;

INSERT INTO `media_types` (`id`, `name`, `created_at`, `updated_at`) VALUES ('1', 'at', '2019-07-26 03:17:49', '1976-05-12 12:05:39');
INSERT INTO `media_types` (`id`, `name`, `created_at`, `updated_at`) VALUES ('2', 'illo', '2013-10-28 14:17:40', '1991-12-09 23:24:07');
INSERT INTO `media_types` (`id`, `name`, `created_at`, `updated_at`) VALUES ('3', 'facere', '2013-03-27 04:38:17', '2016-12-18 07:31:52');
INSERT INTO `media_types` (`id`, `name`, `created_at`, `updated_at`) VALUES ('4', 'enim', '2010-03-12 02:59:46', '2017-03-17 08:00:12');
INSERT INTO `media_types` (`id`, `name`, `created_at`, `updated_at`) VALUES ('5', 'sed', '2001-04-17 00:51:05', '2012-10-09 13:12:23');
INSERT INTO `media_types` (`id`, `name`, `created_at`, `updated_at`) VALUES ('6', 'recusandae', '2018-06-28 02:18:03', '2015-08-25 19:34:58');
INSERT INTO `media_types` (`id`, `name`, `created_at`, `updated_at`) VALUES ('7', 'enim', '2010-04-02 21:23:56', '2013-04-08 08:21:36');
INSERT INTO `media_types` (`id`, `name`, `created_at`, `updated_at`) VALUES ('8', 'est', '2002-12-12 15:10:30', '2005-09-24 08:57:16');
INSERT INTO `media_types` (`id`, `name`, `created_at`, `updated_at`) VALUES ('9', 'dolores', '1985-07-29 22:30:08', '1990-10-30 17:20:11');
INSERT INTO `media_types` (`id`, `name`, `created_at`, `updated_at`) VALUES ('10', 'occaecati', '2004-09-22 04:32:37', '2005-11-05 23:35:37');
INSERT INTO `media_types` (`id`, `name`, `created_at`, `updated_at`) VALUES ('11', 'facilis', '2005-03-05 23:01:13', '1982-07-25 18:49:57');
INSERT INTO `media_types` (`id`, `name`, `created_at`, `updated_at`) VALUES ('12', 'soluta', '2017-11-25 17:23:56', '1974-09-26 13:42:01');
INSERT INTO `media_types` (`id`, `name`, `created_at`, `updated_at`) VALUES ('13', 'temporibus', '2019-10-09 05:04:09', '2008-06-06 18:03:15');
INSERT INTO `media_types` (`id`, `name`, `created_at`, `updated_at`) VALUES ('14', 'alias', '1974-02-02 03:30:12', '1978-10-05 21:06:20');
INSERT INTO `media_types` (`id`, `name`, `created_at`, `updated_at`) VALUES ('15', 'dolorem', '1976-12-27 01:11:11', '1987-09-11 03:27:45');
INSERT INTO `media_types` (`id`, `name`, `created_at`, `updated_at`) VALUES ('16', 'quis', '2020-09-10 23:21:03', '1973-10-02 16:02:50');
INSERT INTO `media_types` (`id`, `name`, `created_at`, `updated_at`) VALUES ('17', 'repellendus', '2018-11-06 18:57:37', '1989-07-22 04:23:40');
INSERT INTO `media_types` (`id`, `name`, `created_at`, `updated_at`) VALUES ('18', 'consequuntur', '1981-02-24 16:28:46', '2014-10-05 14:02:40');
INSERT INTO `media_types` (`id`, `name`, `created_at`, `updated_at`) VALUES ('19', 'esse', '2022-08-08 14:46:42', '2018-05-20 11:14:54');
INSERT INTO `media_types` (`id`, `name`, `created_at`, `updated_at`) VALUES ('20', 'incidunt', '1979-01-11 00:11:17', '2023-02-07 02:49:21');
INSERT INTO `media_types` (`id`, `name`, `created_at`, `updated_at`) VALUES ('21', 'praesentium', '1982-10-07 05:22:08', '1983-11-09 15:04:49');
INSERT INTO `media_types` (`id`, `name`, `created_at`, `updated_at`) VALUES ('22', 'ullam', '2016-07-19 03:52:46', '2001-05-30 11:42:23');
INSERT INTO `media_types` (`id`, `name`, `created_at`, `updated_at`) VALUES ('23', 'odit', '1971-09-28 05:26:58', '1997-02-23 08:31:45');
INSERT INTO `media_types` (`id`, `name`, `created_at`, `updated_at`) VALUES ('24', 'voluptate', '1979-12-05 01:30:51', '1995-06-28 12:36:01');
INSERT INTO `media_types` (`id`, `name`, `created_at`, `updated_at`) VALUES ('25', 'aliquam', '1990-10-20 01:10:15', '2018-09-23 03:51:31');
INSERT INTO `media_types` (`id`, `name`, `created_at`, `updated_at`) VALUES ('26', 'a', '1992-04-05 11:22:29', '1996-10-25 03:50:12');
INSERT INTO `media_types` (`id`, `name`, `created_at`, `updated_at`) VALUES ('27', 'dignissimos', '2016-04-18 05:18:25', '1977-06-25 21:07:58');
INSERT INTO `media_types` (`id`, `name`, `created_at`, `updated_at`) VALUES ('28', 'maiores', '2011-03-25 22:21:26', '1983-05-08 04:02:05');
INSERT INTO `media_types` (`id`, `name`, `created_at`, `updated_at`) VALUES ('29', 'rerum', '1996-02-03 23:37:34', '1995-06-08 20:23:14');
INSERT INTO `media_types` (`id`, `name`, `created_at`, `updated_at`) VALUES ('30', 'qui', '1999-05-31 08:52:04', '1986-06-08 11:42:58');
INSERT INTO `media_types` (`id`, `name`, `created_at`, `updated_at`) VALUES ('31', 'eum', '2015-03-31 23:42:01', '1970-11-30 05:25:24');
INSERT INTO `media_types` (`id`, `name`, `created_at`, `updated_at`) VALUES ('32', 'qui', '2021-01-30 20:44:57', '1989-05-21 17:27:30');
INSERT INTO `media_types` (`id`, `name`, `created_at`, `updated_at`) VALUES ('33', 'et', '1986-12-30 01:24:44', '2001-03-06 17:01:40');
INSERT INTO `media_types` (`id`, `name`, `created_at`, `updated_at`) VALUES ('34', 'voluptas', '2021-09-19 21:32:46', '2021-09-02 04:42:28');
INSERT INTO `media_types` (`id`, `name`, `created_at`, `updated_at`) VALUES ('35', 'in', '2013-04-27 14:34:50', '1979-02-01 02:37:58');
INSERT INTO `media_types` (`id`, `name`, `created_at`, `updated_at`) VALUES ('36', 'commodi', '1987-07-25 18:30:00', '2005-07-23 12:04:01');
INSERT INTO `media_types` (`id`, `name`, `created_at`, `updated_at`) VALUES ('37', 'voluptatem', '2011-01-15 00:50:27', '1985-07-20 22:22:41');
INSERT INTO `media_types` (`id`, `name`, `created_at`, `updated_at`) VALUES ('38', 'dolorem', '1987-06-15 16:43:23', '2018-04-23 07:45:08');
INSERT INTO `media_types` (`id`, `name`, `created_at`, `updated_at`) VALUES ('39', 'nihil', '2014-08-06 16:30:38', '1994-12-28 13:22:06');
INSERT INTO `media_types` (`id`, `name`, `created_at`, `updated_at`) VALUES ('40', 'ipsum', '2011-02-10 04:49:19', '1972-10-05 17:07:58');
INSERT INTO `media_types` (`id`, `name`, `created_at`, `updated_at`) VALUES ('41', 'incidunt', '1992-02-23 14:11:28', '2011-11-27 19:30:42');
INSERT INTO `media_types` (`id`, `name`, `created_at`, `updated_at`) VALUES ('42', 'eos', '2007-04-19 13:02:32', '1991-06-02 06:02:46');
INSERT INTO `media_types` (`id`, `name`, `created_at`, `updated_at`) VALUES ('43', 'voluptate', '1975-11-12 13:17:06', '1993-05-21 05:15:21');
INSERT INTO `media_types` (`id`, `name`, `created_at`, `updated_at`) VALUES ('44', 'placeat', '1975-11-19 08:57:39', '1997-02-23 14:31:53');
INSERT INTO `media_types` (`id`, `name`, `created_at`, `updated_at`) VALUES ('45', 'qui', '1975-04-24 11:51:10', '2017-08-19 23:09:24');
INSERT INTO `media_types` (`id`, `name`, `created_at`, `updated_at`) VALUES ('46', 'iusto', '1982-04-01 13:56:10', '2005-03-12 07:16:28');
INSERT INTO `media_types` (`id`, `name`, `created_at`, `updated_at`) VALUES ('47', 'dolorem', '2009-10-21 11:07:24', '1997-01-09 14:25:58');
INSERT INTO `media_types` (`id`, `name`, `created_at`, `updated_at`) VALUES ('48', 'et', '2005-06-30 08:22:02', '1990-03-08 20:24:33');
INSERT INTO `media_types` (`id`, `name`, `created_at`, `updated_at`) VALUES ('49', 'sunt', '1986-07-13 00:39:24', '1996-03-18 16:50:21');
INSERT INTO `media_types` (`id`, `name`, `created_at`, `updated_at`) VALUES ('50', 'voluptas', '2000-11-27 11:10:33', '1979-02-04 01:17:05');
INSERT INTO `media_types` (`id`, `name`, `created_at`, `updated_at`) VALUES ('51', 'quos', '2002-03-08 10:31:56', '1984-02-01 00:23:07');
INSERT INTO `media_types` (`id`, `name`, `created_at`, `updated_at`) VALUES ('52', 'sit', '1981-07-25 00:50:42', '1991-08-05 19:16:04');
INSERT INTO `media_types` (`id`, `name`, `created_at`, `updated_at`) VALUES ('53', 'neque', '1974-12-18 13:14:41', '2004-11-30 15:39:15');
INSERT INTO `media_types` (`id`, `name`, `created_at`, `updated_at`) VALUES ('54', 'quaerat', '2002-05-11 06:58:00', '2002-03-01 16:20:53');
INSERT INTO `media_types` (`id`, `name`, `created_at`, `updated_at`) VALUES ('55', 'vitae', '1999-06-08 14:00:46', '1979-08-30 21:14:34');
INSERT INTO `media_types` (`id`, `name`, `created_at`, `updated_at`) VALUES ('56', 'qui', '2007-12-08 02:23:25', '1974-08-03 13:44:24');
INSERT INTO `media_types` (`id`, `name`, `created_at`, `updated_at`) VALUES ('57', 'dolorem', '1983-03-17 21:29:11', '2005-11-05 20:49:50');
INSERT INTO `media_types` (`id`, `name`, `created_at`, `updated_at`) VALUES ('58', 'et', '1998-10-06 11:46:44', '2022-01-10 02:22:49');
INSERT INTO `media_types` (`id`, `name`, `created_at`, `updated_at`) VALUES ('59', 'assumenda', '1988-04-15 13:54:18', '2020-08-16 08:06:09');
INSERT INTO `media_types` (`id`, `name`, `created_at`, `updated_at`) VALUES ('60', 'et', '1980-02-06 17:15:44', '2016-04-05 06:53:02');
INSERT INTO `media_types` (`id`, `name`, `created_at`, `updated_at`) VALUES ('61', 'labore', '1988-07-28 09:45:02', '1987-04-20 17:19:20');
INSERT INTO `media_types` (`id`, `name`, `created_at`, `updated_at`) VALUES ('62', 'similique', '1985-05-21 03:31:22', '2019-12-30 00:45:35');
INSERT INTO `media_types` (`id`, `name`, `created_at`, `updated_at`) VALUES ('63', 'laborum', '1974-02-23 06:09:29', '2019-06-17 13:45:43');
INSERT INTO `media_types` (`id`, `name`, `created_at`, `updated_at`) VALUES ('64', 'non', '1987-03-18 05:31:05', '2002-05-19 14:29:38');
INSERT INTO `media_types` (`id`, `name`, `created_at`, `updated_at`) VALUES ('65', 'ut', '1993-11-30 03:32:16', '2008-04-13 21:42:25');
INSERT INTO `media_types` (`id`, `name`, `created_at`, `updated_at`) VALUES ('66', 'est', '2003-02-10 13:19:06', '2016-09-26 21:56:44');
INSERT INTO `media_types` (`id`, `name`, `created_at`, `updated_at`) VALUES ('67', 'tempora', '1982-12-24 04:34:46', '1994-09-07 06:19:30');
INSERT INTO `media_types` (`id`, `name`, `created_at`, `updated_at`) VALUES ('68', 'saepe', '1984-04-07 02:22:40', '1990-11-06 09:47:56');
INSERT INTO `media_types` (`id`, `name`, `created_at`, `updated_at`) VALUES ('69', 'distinctio', '1970-05-25 09:27:48', '1998-02-13 12:26:56');
INSERT INTO `media_types` (`id`, `name`, `created_at`, `updated_at`) VALUES ('70', 'enim', '2000-09-20 08:53:55', '1988-06-20 17:54:24');
INSERT INTO `media_types` (`id`, `name`, `created_at`, `updated_at`) VALUES ('71', 'quos', '1984-07-21 15:16:49', '2005-10-18 06:32:34');
INSERT INTO `media_types` (`id`, `name`, `created_at`, `updated_at`) VALUES ('72', 'itaque', '1975-01-05 06:36:42', '1971-10-02 09:28:53');
INSERT INTO `media_types` (`id`, `name`, `created_at`, `updated_at`) VALUES ('73', 'sint', '1977-07-06 07:01:14', '2004-10-12 16:37:42');
INSERT INTO `media_types` (`id`, `name`, `created_at`, `updated_at`) VALUES ('74', 'doloremque', '2022-05-20 18:12:33', '1997-11-13 09:35:31');
INSERT INTO `media_types` (`id`, `name`, `created_at`, `updated_at`) VALUES ('75', 'cumque', '1992-05-01 01:37:26', '1997-04-07 06:40:15');
INSERT INTO `media_types` (`id`, `name`, `created_at`, `updated_at`) VALUES ('76', 'voluptates', '1983-01-08 06:27:13', '2013-11-26 11:32:30');
INSERT INTO `media_types` (`id`, `name`, `created_at`, `updated_at`) VALUES ('77', 'consequuntur', '1986-03-12 04:47:06', '1994-08-27 00:06:02');
INSERT INTO `media_types` (`id`, `name`, `created_at`, `updated_at`) VALUES ('78', 'ut', '1994-01-08 16:03:40', '2008-09-17 17:54:40');
INSERT INTO `media_types` (`id`, `name`, `created_at`, `updated_at`) VALUES ('79', 'minus', '2001-03-08 09:00:29', '1972-02-23 12:57:20');
INSERT INTO `media_types` (`id`, `name`, `created_at`, `updated_at`) VALUES ('80', 'eos', '1993-02-10 22:05:29', '1974-07-16 18:14:23');
INSERT INTO `media_types` (`id`, `name`, `created_at`, `updated_at`) VALUES ('81', 'eum', '2011-09-17 10:25:09', '1978-01-15 20:07:58');
INSERT INTO `media_types` (`id`, `name`, `created_at`, `updated_at`) VALUES ('82', 'praesentium', '2000-04-20 12:41:32', '2019-09-18 23:38:16');
INSERT INTO `media_types` (`id`, `name`, `created_at`, `updated_at`) VALUES ('83', 'dolorum', '1999-09-15 00:02:04', '1978-07-16 05:44:02');
INSERT INTO `media_types` (`id`, `name`, `created_at`, `updated_at`) VALUES ('84', 'voluptate', '2017-12-24 12:57:04', '2012-04-25 04:31:26');
INSERT INTO `media_types` (`id`, `name`, `created_at`, `updated_at`) VALUES ('85', 'totam', '2002-07-08 13:06:43', '1986-09-14 04:44:43');
INSERT INTO `media_types` (`id`, `name`, `created_at`, `updated_at`) VALUES ('86', 'accusantium', '2009-09-10 16:45:59', '2019-12-24 09:19:33');
INSERT INTO `media_types` (`id`, `name`, `created_at`, `updated_at`) VALUES ('87', 'culpa', '1978-04-08 13:14:50', '1991-03-29 12:13:52');
INSERT INTO `media_types` (`id`, `name`, `created_at`, `updated_at`) VALUES ('88', 'in', '2001-09-25 20:21:28', '1971-11-26 15:19:19');
INSERT INTO `media_types` (`id`, `name`, `created_at`, `updated_at`) VALUES ('89', 'quia', '2011-07-14 11:31:09', '1978-09-10 12:25:47');
INSERT INTO `media_types` (`id`, `name`, `created_at`, `updated_at`) VALUES ('90', 'nesciunt', '2002-12-24 01:29:25', '2007-12-20 23:37:15');
INSERT INTO `media_types` (`id`, `name`, `created_at`, `updated_at`) VALUES ('91', 'consequatur', '1978-01-07 04:10:58', '1993-04-29 08:56:25');
INSERT INTO `media_types` (`id`, `name`, `created_at`, `updated_at`) VALUES ('92', 'velit', '1987-04-17 07:00:19', '1984-08-02 18:02:36');
INSERT INTO `media_types` (`id`, `name`, `created_at`, `updated_at`) VALUES ('93', 'perspiciatis', '1970-08-29 06:22:10', '1987-11-02 06:22:40');
INSERT INTO `media_types` (`id`, `name`, `created_at`, `updated_at`) VALUES ('94', 'iusto', '1970-06-19 13:32:10', '1990-01-07 14:48:47');
INSERT INTO `media_types` (`id`, `name`, `created_at`, `updated_at`) VALUES ('95', 'iste', '2000-04-28 13:57:52', '2002-03-17 02:17:12');
INSERT INTO `media_types` (`id`, `name`, `created_at`, `updated_at`) VALUES ('96', 'ad', '1974-06-30 17:14:11', '1983-08-24 00:30:46');
INSERT INTO `media_types` (`id`, `name`, `created_at`, `updated_at`) VALUES ('97', 'voluptates', '1976-10-08 23:55:29', '2000-08-08 05:23:57');
INSERT INTO `media_types` (`id`, `name`, `created_at`, `updated_at`) VALUES ('98', 'accusamus', '1999-11-19 04:57:24', '1998-09-30 04:08:29');
INSERT INTO `media_types` (`id`, `name`, `created_at`, `updated_at`) VALUES ('99', 'incidunt', '1997-09-17 19:39:30', '1983-07-04 23:31:01');
INSERT INTO `media_types` (`id`, `name`, `created_at`, `updated_at`) VALUES ('100', 'quaerat', '2021-09-28 11:57:44', '2012-01-18 14:32:00');


#
# TABLE STRUCTURE FOR: messages
#

DROP TABLE IF EXISTS `messages`;

CREATE TABLE `messages` (
  `id` bigint(20) unsigned NOT NULL AUTO_INCREMENT,
  `from_user_id` bigint(20) unsigned NOT NULL,
  `to_user_id` bigint(20) unsigned NOT NULL,
  `body` text COLLATE utf8mb4_unicode_ci DEFAULT NULL,
  `created_at` datetime DEFAULT current_timestamp(),
  PRIMARY KEY (`id`),
  KEY `from_user_id` (`from_user_id`),
  KEY `to_user_id` (`to_user_id`),
  CONSTRAINT `messages_ibfk_1` FOREIGN KEY (`from_user_id`) REFERENCES `users` (`id`) ON DELETE CASCADE ON UPDATE CASCADE,
  CONSTRAINT `messages_ibfk_2` FOREIGN KEY (`to_user_id`) REFERENCES `users` (`id`) ON DELETE CASCADE ON UPDATE CASCADE
) ENGINE=InnoDB AUTO_INCREMENT=501 DEFAULT CHARSET=utf8mb4 COLLATE=utf8mb4_unicode_ci;

INSERT INTO `messages` (`id`, `from_user_id`, `to_user_id`, `body`, `created_at`) VALUES ('401', '31', '63', 'Sint incidunt ut libero vel beatae quasi laboriosam iure. Sequi sed ut aut sequi cum. Enim et maxime provident aut ad fugit. Consequatur odio aliquam ducimus unde consectetur quia.', '2005-12-22 10:59:29');
INSERT INTO `messages` (`id`, `from_user_id`, `to_user_id`, `body`, `created_at`) VALUES ('402', '96', '92', 'Sed ut aliquam atque expedita. Minus architecto quidem minus quo distinctio quaerat.', '2003-07-07 13:18:22');
INSERT INTO `messages` (`id`, `from_user_id`, `to_user_id`, `body`, `created_at`) VALUES ('403', '94', '70', 'Optio beatae repellendus labore consequatur. Sint alias eveniet nihil. Sed quidem itaque voluptas necessitatibus voluptas consequatur consequuntur. Impedit facilis tempore et amet itaque.', '1985-04-26 03:58:29');
INSERT INTO `messages` (`id`, `from_user_id`, `to_user_id`, `body`, `created_at`) VALUES ('404', '58', '8', 'Eius ab unde sunt cupiditate doloribus. Magnam laboriosam sint cumque ut laudantium. Et et est rerum.', '2002-05-08 00:18:22');
INSERT INTO `messages` (`id`, `from_user_id`, `to_user_id`, `body`, `created_at`) VALUES ('405', '9', '4', 'Accusamus saepe mollitia minima. Ut doloribus quas voluptatibus animi velit in laudantium voluptas.', '1976-09-18 07:16:28');
INSERT INTO `messages` (`id`, `from_user_id`, `to_user_id`, `body`, `created_at`) VALUES ('406', '60', '62', 'Velit exercitationem quidem perferendis repudiandae velit. Facere dignissimos molestias optio porro non. Odit aliquam eos et necessitatibus voluptas ullam.', '2020-11-21 17:24:44');
INSERT INTO `messages` (`id`, `from_user_id`, `to_user_id`, `body`, `created_at`) VALUES ('407', '98', '49', 'At nihil vero magni dolor vitae illo perspiciatis. Sit rerum iste molestiae eos et. Commodi at reiciendis debitis quis. Animi numquam et illo numquam laboriosam perferendis omnis iste.', '1984-07-07 06:18:54');
INSERT INTO `messages` (`id`, `from_user_id`, `to_user_id`, `body`, `created_at`) VALUES ('408', '21', '39', 'Placeat est qui ut porro. In omnis eaque hic quia. Ducimus est placeat dolores vel nemo perferendis soluta. Quia cum sequi illum doloremque quia laboriosam corrupti.', '1971-12-21 10:46:21');
INSERT INTO `messages` (`id`, `from_user_id`, `to_user_id`, `body`, `created_at`) VALUES ('409', '44', '66', 'Quod consequatur consequuntur harum quam vitae iste quia. Fuga distinctio corrupti illum alias accusamus corrupti. Quidem non voluptatum quis iusto dolorem. Vel unde voluptatum animi error et.', '1974-07-12 04:37:24');
INSERT INTO `messages` (`id`, `from_user_id`, `to_user_id`, `body`, `created_at`) VALUES ('410', '78', '60', 'Ipsum nihil iste modi qui. Ea rerum enim maiores odio in eligendi. Cum sunt est omnis hic quis non cupiditate.', '2009-12-25 02:31:56');
INSERT INTO `messages` (`id`, `from_user_id`, `to_user_id`, `body`, `created_at`) VALUES ('411', '33', '19', 'Hic omnis ullam ab. Quos modi libero dolorem dolor possimus aperiam optio.', '2022-11-13 03:21:37');
INSERT INTO `messages` (`id`, `from_user_id`, `to_user_id`, `body`, `created_at`) VALUES ('412', '70', '38', 'Nihil cumque cupiditate natus nihil earum. Hic aut dolor in ad officiis culpa eos nesciunt. Quo et cumque exercitationem sapiente similique dolorem repellat.', '1987-10-28 21:19:14');
INSERT INTO `messages` (`id`, `from_user_id`, `to_user_id`, `body`, `created_at`) VALUES ('413', '4', '88', 'Voluptas nemo expedita facilis quis. Eum quia provident tenetur iste harum tempora vel. Sit dolores sit deserunt exercitationem.', '1998-10-14 22:42:28');
INSERT INTO `messages` (`id`, `from_user_id`, `to_user_id`, `body`, `created_at`) VALUES ('414', '18', '85', 'Vitae qui cum est quis. Officiis qui expedita sunt.', '1986-05-14 20:05:31');
INSERT INTO `messages` (`id`, `from_user_id`, `to_user_id`, `body`, `created_at`) VALUES ('415', '25', '62', 'Et ut labore iusto minus sit ducimus voluptas est. Natus consequatur commodi quaerat ipsa. Velit numquam mollitia quasi sed voluptatem occaecati omnis. Architecto architecto sunt aut omnis est.', '1995-11-20 08:41:22');
INSERT INTO `messages` (`id`, `from_user_id`, `to_user_id`, `body`, `created_at`) VALUES ('416', '50', '49', 'Aperiam animi nostrum error ut velit quia. Totam vel dolorem magni ad. Illo id et odio non nulla.', '2016-05-03 14:59:56');
INSERT INTO `messages` (`id`, `from_user_id`, `to_user_id`, `body`, `created_at`) VALUES ('417', '42', '39', 'Ipsam impedit aliquam harum veniam quasi. Asperiores impedit accusantium rerum est. Labore magni voluptates sapiente laboriosam quasi. Aliquam voluptatem id atque maxime vel et aut.', '2017-06-29 23:15:12');
INSERT INTO `messages` (`id`, `from_user_id`, `to_user_id`, `body`, `created_at`) VALUES ('418', '93', '26', 'Facere harum nemo quia cum fugit voluptatum officia. Quibusdam dignissimos est ut fugiat sapiente voluptates.', '2014-12-14 13:22:21');
INSERT INTO `messages` (`id`, `from_user_id`, `to_user_id`, `body`, `created_at`) VALUES ('419', '22', '8', 'Aspernatur ut occaecati omnis nobis ducimus est autem a. Exercitationem adipisci nesciunt totam atque praesentium omnis illo. Et magni explicabo porro qui sunt qui.', '1996-02-05 23:31:04');
INSERT INTO `messages` (`id`, `from_user_id`, `to_user_id`, `body`, `created_at`) VALUES ('420', '8', '6', 'Quo aut a nihil molestiae. Architecto id quia modi placeat ducimus. Quis ea temporibus doloremque quo temporibus nesciunt. Ut libero ut beatae aspernatur ut quia. Minima dolores modi ut omnis.', '2010-10-09 18:14:07');
INSERT INTO `messages` (`id`, `from_user_id`, `to_user_id`, `body`, `created_at`) VALUES ('421', '23', '95', 'Quas blanditiis consectetur repellat et aspernatur debitis aperiam. Consequatur perferendis odit rerum iusto consequatur nobis. Illo quibusdam dolorum quis error voluptas.', '2015-07-15 01:54:40');
INSERT INTO `messages` (`id`, `from_user_id`, `to_user_id`, `body`, `created_at`) VALUES ('422', '16', '4', 'Ea est qui iure eveniet. Dicta aliquam accusantium aperiam aut id officia nesciunt. Officiis consequatur cupiditate et dolore voluptates.', '1980-06-27 02:47:32');
INSERT INTO `messages` (`id`, `from_user_id`, `to_user_id`, `body`, `created_at`) VALUES ('423', '2', '28', 'Voluptatibus provident repellendus excepturi natus possimus iusto ut. Voluptates unde esse non est perspiciatis error perferendis. Vitae ullam autem aspernatur ullam nostrum beatae. Nobis provident omnis dolores commodi.', '1979-04-04 19:40:53');
INSERT INTO `messages` (`id`, `from_user_id`, `to_user_id`, `body`, `created_at`) VALUES ('424', '65', '54', 'Dicta enim accusantium illum sequi dolor perspiciatis consectetur aliquam. Velit quos fugit doloremque qui.', '1988-05-18 18:17:29');
INSERT INTO `messages` (`id`, `from_user_id`, `to_user_id`, `body`, `created_at`) VALUES ('425', '45', '54', 'Ad sapiente totam aut non id enim minus. Nihil aut quia ullam mollitia est. Ut et iste nam hic officiis assumenda alias quia. Hic repellat laudantium veniam quo et quisquam.', '1983-01-04 10:02:42');
INSERT INTO `messages` (`id`, `from_user_id`, `to_user_id`, `body`, `created_at`) VALUES ('426', '57', '3', 'Voluptas dolores voluptatem et non aut in labore officiis. Earum aut ad ea autem numquam sunt. Dolores expedita aut architecto repudiandae.', '1982-03-25 19:03:26');
INSERT INTO `messages` (`id`, `from_user_id`, `to_user_id`, `body`, `created_at`) VALUES ('427', '56', '66', 'Distinctio amet voluptas dolorem exercitationem. Libero autem ipsa quis saepe. Quis reprehenderit non et eveniet eum et aut.', '1974-01-22 17:02:55');
INSERT INTO `messages` (`id`, `from_user_id`, `to_user_id`, `body`, `created_at`) VALUES ('428', '1', '10', 'Accusamus repudiandae consequatur fuga accusantium. At tenetur et necessitatibus eligendi dignissimos aspernatur aspernatur. Sapiente quos commodi debitis aperiam rerum repudiandae. Laborum aspernatur corrupti quos omnis enim ad.', '2016-05-18 17:49:47');
INSERT INTO `messages` (`id`, `from_user_id`, `to_user_id`, `body`, `created_at`) VALUES ('429', '71', '50', 'Non quod dolor impedit consequuntur eaque aspernatur. Enim quam sunt ullam. Itaque consequatur dicta hic necessitatibus ut. Eaque rerum omnis beatae excepturi consequatur numquam dolores.', '2000-06-24 13:43:02');
INSERT INTO `messages` (`id`, `from_user_id`, `to_user_id`, `body`, `created_at`) VALUES ('430', '28', '54', 'Vitae nobis rerum eligendi. Quis odio nulla quia voluptate rerum tenetur sunt voluptatem. Ex a ratione inventore laboriosam et est non aut.', '1983-01-06 03:46:54');
INSERT INTO `messages` (`id`, `from_user_id`, `to_user_id`, `body`, `created_at`) VALUES ('431', '18', '76', 'Architecto aut laboriosam ratione asperiores. Est eveniet numquam est error eum. Eveniet voluptatem corrupti consequatur deleniti rerum.', '2003-08-23 00:17:41');
INSERT INTO `messages` (`id`, `from_user_id`, `to_user_id`, `body`, `created_at`) VALUES ('432', '69', '100', 'Porro aut dicta ea. Et vel eum et animi nostrum. Velit cupiditate fugit saepe repellat accusantium est aut. Eaque dolore voluptas qui tempora.', '1996-04-11 21:13:14');
INSERT INTO `messages` (`id`, `from_user_id`, `to_user_id`, `body`, `created_at`) VALUES ('433', '70', '87', 'Beatae facere itaque aliquid dolores omnis error asperiores sunt. Delectus doloribus atque et adipisci id. Exercitationem deleniti vitae quia impedit eligendi. Expedita reiciendis enim odio dolorem blanditiis quae.', '2005-07-12 21:17:13');
INSERT INTO `messages` (`id`, `from_user_id`, `to_user_id`, `body`, `created_at`) VALUES ('434', '95', '15', 'Omnis officiis quis deleniti laboriosam dicta et quisquam. Impedit aut illum sit eos qui. Consequuntur dicta unde nesciunt sit maxime cum. Tempore molestias reprehenderit ut illum praesentium explicabo enim.', '1991-05-08 08:17:05');
INSERT INTO `messages` (`id`, `from_user_id`, `to_user_id`, `body`, `created_at`) VALUES ('435', '97', '76', 'Alias sed sequi laborum dolorem perspiciatis aut. Aliquam eius est dolorum accusamus ad cupiditate dolor.', '1992-01-26 01:50:00');
INSERT INTO `messages` (`id`, `from_user_id`, `to_user_id`, `body`, `created_at`) VALUES ('436', '17', '48', 'Ut et dicta voluptatibus accusamus ut quam et. In optio ea ullam doloremque voluptatem impedit. Fugiat quia quo perspiciatis at deserunt omnis officia. Odit ullam esse aut excepturi deleniti ut sed. Quod quo autem itaque recusandae nam dolor id.', '2004-08-31 13:32:11');
INSERT INTO `messages` (`id`, `from_user_id`, `to_user_id`, `body`, `created_at`) VALUES ('437', '1', '46', 'Autem assumenda doloribus quae et quas est. Sunt fugit libero et voluptatem.', '1988-08-02 09:31:20');
INSERT INTO `messages` (`id`, `from_user_id`, `to_user_id`, `body`, `created_at`) VALUES ('438', '41', '23', 'Necessitatibus quia magni dignissimos aut ut. Quis quam animi quasi neque in soluta omnis atque. Maiores ea dolores delectus aut velit enim.', '1992-08-19 02:28:58');
INSERT INTO `messages` (`id`, `from_user_id`, `to_user_id`, `body`, `created_at`) VALUES ('439', '4', '5', 'Velit ut omnis at. Veniam est sed deleniti. Repudiandae blanditiis vero dolorem et eum occaecati.', '1986-08-20 01:28:40');
INSERT INTO `messages` (`id`, `from_user_id`, `to_user_id`, `body`, `created_at`) VALUES ('440', '65', '16', 'Earum nisi facilis pariatur nihil exercitationem minus. Eius aut rerum nesciunt rerum et omnis ut. Ut nesciunt architecto culpa esse.', '2001-02-12 04:46:48');
INSERT INTO `messages` (`id`, `from_user_id`, `to_user_id`, `body`, `created_at`) VALUES ('441', '59', '21', 'Qui distinctio quo qui optio nulla nemo officia. Ullam ut eligendi debitis consequatur. Non eaque sed et eum aut fugit temporibus eaque. Qui animi et doloremque distinctio enim error sit.', '1975-05-27 15:55:58');
INSERT INTO `messages` (`id`, `from_user_id`, `to_user_id`, `body`, `created_at`) VALUES ('442', '46', '87', 'Iusto qui animi eius ad qui. Incidunt corporis sed quam molestiae fuga consequatur dolor asperiores. Ipsa est ea voluptate ab dicta est veritatis vel.', '1990-04-12 06:55:42');
INSERT INTO `messages` (`id`, `from_user_id`, `to_user_id`, `body`, `created_at`) VALUES ('443', '75', '27', 'Accusamus harum explicabo eum molestiae distinctio quisquam. Et expedita eius at amet debitis. Blanditiis est omnis dolorem distinctio modi vero.', '1970-11-02 04:50:30');
INSERT INTO `messages` (`id`, `from_user_id`, `to_user_id`, `body`, `created_at`) VALUES ('444', '34', '7', 'Deleniti et cupiditate veniam molestias repudiandae quaerat officia dolorem. Suscipit dolores dolor et aliquam aut quo id. Ipsum et quia ut repellat dolorum. Impedit eius consequuntur commodi esse non quia quia.', '2004-01-14 22:49:03');
INSERT INTO `messages` (`id`, `from_user_id`, `to_user_id`, `body`, `created_at`) VALUES ('445', '67', '85', 'Dolorem dolorem est molestias itaque aliquid. Voluptates porro totam sit quasi velit ut ab. Doloremque totam velit atque non nisi aliquid. Sint fuga ut vel ut aut voluptas. Quas et sint ad repellat et totam illo.', '2017-05-27 19:20:41');
INSERT INTO `messages` (`id`, `from_user_id`, `to_user_id`, `body`, `created_at`) VALUES ('446', '40', '2', 'Libero rerum aliquid sit corporis. Repellat dolorem nostrum qui distinctio. Consequatur et sit fugit reprehenderit nemo doloremque.', '1972-06-28 00:10:53');
INSERT INTO `messages` (`id`, `from_user_id`, `to_user_id`, `body`, `created_at`) VALUES ('447', '62', '33', 'Hic et id fugiat illo cum et iusto similique. Harum autem eveniet ipsum quia officiis aut. Nihil esse culpa distinctio consequuntur.', '1977-11-09 00:30:47');
INSERT INTO `messages` (`id`, `from_user_id`, `to_user_id`, `body`, `created_at`) VALUES ('448', '17', '7', 'Atque nostrum inventore voluptas eius. Et aliquam sint quam sapiente explicabo officia. Est ut optio et sint odit accusamus.', '1981-06-09 05:48:11');
INSERT INTO `messages` (`id`, `from_user_id`, `to_user_id`, `body`, `created_at`) VALUES ('449', '9', '45', 'Culpa autem velit et blanditiis. Minima placeat ipsam ut placeat alias quia magnam.', '2012-12-26 15:30:17');
INSERT INTO `messages` (`id`, `from_user_id`, `to_user_id`, `body`, `created_at`) VALUES ('450', '42', '14', 'Ratione ex dolorum aspernatur id quis mollitia. Harum labore impedit fugiat maxime non. Enim adipisci perferendis consequatur molestias. Autem ab quaerat recusandae.', '2006-12-31 05:28:24');
INSERT INTO `messages` (`id`, `from_user_id`, `to_user_id`, `body`, `created_at`) VALUES ('451', '62', '64', 'Nostrum quaerat velit possimus et ad eaque necessitatibus. In sunt est dolorem facilis aut. Iste ullam aliquid labore voluptatem. Qui sunt aliquam doloremque reprehenderit voluptatem dolores officiis.', '1974-04-04 05:06:33');
INSERT INTO `messages` (`id`, `from_user_id`, `to_user_id`, `body`, `created_at`) VALUES ('452', '66', '30', 'Et nemo quia eos dolorem perferendis quia. Quia iure doloremque repellendus ipsam. Nesciunt debitis occaecati consequatur at consequuntur accusantium.', '1986-03-27 00:31:11');
INSERT INTO `messages` (`id`, `from_user_id`, `to_user_id`, `body`, `created_at`) VALUES ('453', '67', '20', 'In non consequatur facilis. At possimus eligendi sint. Beatae quo enim dolor at non ut.', '2006-08-25 04:27:17');
INSERT INTO `messages` (`id`, `from_user_id`, `to_user_id`, `body`, `created_at`) VALUES ('454', '45', '18', 'Quaerat nisi consequatur est quibusdam neque delectus assumenda. Et ut qui rem quo. Ratione necessitatibus ut itaque odit possimus perspiciatis soluta adipisci. Consectetur qui omnis dolore unde corrupti enim.', '2003-11-23 18:01:59');
INSERT INTO `messages` (`id`, `from_user_id`, `to_user_id`, `body`, `created_at`) VALUES ('455', '43', '74', 'Ad veritatis qui quis adipisci fugit pariatur. Occaecati delectus incidunt laboriosam sed consequatur eos. Libero quo optio eum ea aliquam. Deleniti deserunt modi in laudantium pariatur.', '2018-09-03 11:45:54');
INSERT INTO `messages` (`id`, `from_user_id`, `to_user_id`, `body`, `created_at`) VALUES ('456', '8', '5', 'Dolorem doloremque praesentium nesciunt qui veniam non. Sequi consectetur vero quidem autem quia dolor. Necessitatibus dolor voluptas quod omnis eos quia. Laboriosam quia beatae suscipit sunt.', '2002-11-22 09:00:52');
INSERT INTO `messages` (`id`, `from_user_id`, `to_user_id`, `body`, `created_at`) VALUES ('457', '23', '88', 'Incidunt omnis enim voluptatem. Doloremque adipisci asperiores quas dolorum temporibus velit quasi. Ut animi dolorum enim neque eligendi qui ut.', '2013-10-22 02:54:28');
INSERT INTO `messages` (`id`, `from_user_id`, `to_user_id`, `body`, `created_at`) VALUES ('458', '7', '4', 'Et ut iure et libero pariatur asperiores atque. Ratione voluptatem eligendi atque qui.', '2019-09-11 18:35:54');
INSERT INTO `messages` (`id`, `from_user_id`, `to_user_id`, `body`, `created_at`) VALUES ('459', '3', '85', 'Dolorum nisi sit quos quia et. Enim mollitia suscipit sapiente quaerat ad necessitatibus vero. Quisquam et est cum quo corrupti ea quod quisquam.', '2016-11-03 08:20:47');
INSERT INTO `messages` (`id`, `from_user_id`, `to_user_id`, `body`, `created_at`) VALUES ('460', '47', '24', 'Odit odit eos sequi minima in. Animi iste vitae inventore et quod commodi. Facilis quia earum libero a vero.', '2021-02-16 11:08:08');
INSERT INTO `messages` (`id`, `from_user_id`, `to_user_id`, `body`, `created_at`) VALUES ('461', '24', '38', 'Nihil praesentium nemo qui iusto. Similique laboriosam omnis laboriosam dolore. Dolor vero in est tenetur. Ut ea sequi dolorum perferendis error.', '2000-09-06 12:42:28');
INSERT INTO `messages` (`id`, `from_user_id`, `to_user_id`, `body`, `created_at`) VALUES ('462', '58', '45', 'Odit modi iste quia laboriosam repellat in consequuntur eum. Totam temporibus impedit dolorum illo accusantium consequatur ut quas. Sed molestiae eveniet voluptates soluta perferendis ipsa incidunt animi.', '2014-05-14 12:50:18');
INSERT INTO `messages` (`id`, `from_user_id`, `to_user_id`, `body`, `created_at`) VALUES ('463', '66', '43', 'Numquam saepe aperiam ipsa aut fuga. Pariatur deserunt numquam explicabo vel est. Neque amet quae dolorem voluptatem qui dolorem. Eius atque harum voluptatem ut.', '1987-12-20 02:52:48');
INSERT INTO `messages` (`id`, `from_user_id`, `to_user_id`, `body`, `created_at`) VALUES ('464', '84', '4', 'Saepe enim quos autem atque sint. Quas id porro est fugit. Nostrum laboriosam rerum ipsam consequuntur fuga. Dicta molestias in quisquam aliquam saepe et explicabo necessitatibus. Numquam unde iure corrupti et voluptas earum.', '1985-05-21 18:57:05');
INSERT INTO `messages` (`id`, `from_user_id`, `to_user_id`, `body`, `created_at`) VALUES ('465', '64', '51', 'Quia est sed labore nemo. Ut exercitationem ab nemo eos quod. Enim amet iste ut.', '1985-08-29 13:48:35');
INSERT INTO `messages` (`id`, `from_user_id`, `to_user_id`, `body`, `created_at`) VALUES ('466', '89', '19', 'Voluptatem ad est maiores illum similique. Consequatur qui ducimus dolorem consequatur doloremque. Maxime ad consequatur aut voluptatum inventore corporis quo. Suscipit pariatur repudiandae eligendi.', '1999-01-13 03:09:30');
INSERT INTO `messages` (`id`, `from_user_id`, `to_user_id`, `body`, `created_at`) VALUES ('467', '71', '7', 'Quo est et ab animi. Explicabo quasi maxime earum molestiae est. Molestias beatae officia rerum laborum qui in.', '2015-11-16 00:40:04');
INSERT INTO `messages` (`id`, `from_user_id`, `to_user_id`, `body`, `created_at`) VALUES ('468', '63', '24', 'Quos consectetur quas earum vel. Laudantium nisi qui repellendus debitis excepturi. Nulla magnam facere placeat beatae et. Quos sit quis cum dolore in et numquam.', '2005-09-21 07:07:27');
INSERT INTO `messages` (`id`, `from_user_id`, `to_user_id`, `body`, `created_at`) VALUES ('469', '86', '50', 'Amet ea at non nulla. Commodi consequuntur est reprehenderit earum. Qui velit est vel exercitationem unde ea. Eum cum animi dolorem aliquam recusandae.', '1981-04-18 05:36:21');
INSERT INTO `messages` (`id`, `from_user_id`, `to_user_id`, `body`, `created_at`) VALUES ('470', '66', '61', 'Aut voluptatem soluta consequatur veniam non. Est et in ea odio. Labore ut et voluptates voluptas quia dolores minus. Alias porro velit labore. Saepe voluptatem qui iusto labore.', '2011-07-18 09:19:17');
INSERT INTO `messages` (`id`, `from_user_id`, `to_user_id`, `body`, `created_at`) VALUES ('471', '45', '42', 'Ipsam odit culpa alias consequatur distinctio autem nulla. Possimus labore animi cumque. Tempore facilis est fugit enim dolorum repellat.', '2020-02-09 02:36:40');
INSERT INTO `messages` (`id`, `from_user_id`, `to_user_id`, `body`, `created_at`) VALUES ('472', '24', '72', 'Aut aut culpa corporis excepturi. Optio necessitatibus quo dolores omnis dolore. In velit laborum ut magnam explicabo dignissimos.', '1995-11-09 13:15:47');
INSERT INTO `messages` (`id`, `from_user_id`, `to_user_id`, `body`, `created_at`) VALUES ('473', '56', '84', 'Autem voluptas explicabo assumenda hic modi totam. Sed exercitationem possimus modi non sed. Repudiandae molestias totam tempore ut laborum incidunt nihil.', '1977-11-25 18:41:14');
INSERT INTO `messages` (`id`, `from_user_id`, `to_user_id`, `body`, `created_at`) VALUES ('474', '93', '78', 'Modi unde vel ipsam quam quos voluptatem dolor. Temporibus rerum alias rem voluptatem sit aliquam quia. Aliquam sed illo aut magni beatae autem.', '2022-09-04 01:48:17');
INSERT INTO `messages` (`id`, `from_user_id`, `to_user_id`, `body`, `created_at`) VALUES ('475', '71', '89', 'Mollitia amet eius praesentium harum. Officiis assumenda molestiae tenetur sapiente consectetur. Dolorum vitae expedita quas et unde officiis quod.', '2011-08-24 14:30:27');
INSERT INTO `messages` (`id`, `from_user_id`, `to_user_id`, `body`, `created_at`) VALUES ('476', '8', '27', 'Est non accusantium qui exercitationem. Odit voluptas neque facilis culpa asperiores et deleniti illum. Hic ea nulla dignissimos.', '1982-02-11 02:18:10');
INSERT INTO `messages` (`id`, `from_user_id`, `to_user_id`, `body`, `created_at`) VALUES ('477', '42', '4', 'Deleniti reprehenderit error exercitationem rerum saepe voluptatibus consequatur. Nobis voluptatibus nulla aspernatur aut. Ducimus dolorem beatae qui accusantium sapiente et.', '1994-01-17 00:28:47');
INSERT INTO `messages` (`id`, `from_user_id`, `to_user_id`, `body`, `created_at`) VALUES ('478', '10', '88', 'Dolores tempora maiores accusantium corporis voluptatem vero. In ullam saepe at atque. Quisquam tenetur laboriosam dolorum voluptatem voluptates aut aliquid.', '2001-07-01 04:50:03');
INSERT INTO `messages` (`id`, `from_user_id`, `to_user_id`, `body`, `created_at`) VALUES ('479', '22', '36', 'Tenetur eos quo repellat doloribus voluptatem. Incidunt qui illo rerum totam.', '1990-02-17 18:26:31');
INSERT INTO `messages` (`id`, `from_user_id`, `to_user_id`, `body`, `created_at`) VALUES ('480', '68', '53', 'Voluptas et omnis sit sint unde. Excepturi nam qui laborum voluptas. Dolorem ut maxime eligendi dolores et delectus omnis. Ut at magni veniam et quidem eveniet eius.', '1972-05-20 10:37:31');
INSERT INTO `messages` (`id`, `from_user_id`, `to_user_id`, `body`, `created_at`) VALUES ('481', '93', '19', 'Quaerat voluptas numquam ut aspernatur libero. Rerum aspernatur quia et error suscipit. Aut occaecati eveniet optio consequuntur qui. Ut et distinctio iusto et.', '2016-11-12 19:43:00');
INSERT INTO `messages` (`id`, `from_user_id`, `to_user_id`, `body`, `created_at`) VALUES ('482', '11', '63', 'Aut quis et odit nam. Rerum id numquam qui adipisci dolor molestias ad. Doloribus ducimus enim et sapiente repellendus expedita velit. Sed placeat et a eos vel nostrum vel.', '1980-12-20 03:01:55');
INSERT INTO `messages` (`id`, `from_user_id`, `to_user_id`, `body`, `created_at`) VALUES ('483', '30', '33', 'Exercitationem non voluptatem molestiae. Officiis consequatur vitae itaque dolorum. Excepturi est et qui rem fugiat. Perferendis earum ipsa est sequi laudantium autem. Et unde eum molestiae facere minus et molestias.', '2020-12-31 09:05:02');
INSERT INTO `messages` (`id`, `from_user_id`, `to_user_id`, `body`, `created_at`) VALUES ('484', '2', '36', 'Aspernatur aperiam voluptatem culpa non numquam quidem. Reiciendis quis sit eligendi inventore maiores. Ratione non sed facilis beatae ullam sed. Est sequi eaque quod fugiat et vel.', '1990-11-27 09:06:57');
INSERT INTO `messages` (`id`, `from_user_id`, `to_user_id`, `body`, `created_at`) VALUES ('485', '92', '12', 'Dolorem doloremque at soluta deserunt et. Est nisi nemo quaerat a. Fugit sed dolorum qui autem dolorum sint soluta et.', '1999-03-19 08:43:14');
INSERT INTO `messages` (`id`, `from_user_id`, `to_user_id`, `body`, `created_at`) VALUES ('486', '34', '70', 'Quis repellat corrupti assumenda. Doloremque assumenda praesentium est architecto illo. Non animi corporis distinctio aut. Facilis explicabo voluptates eum qui.', '1982-01-10 10:56:08');
INSERT INTO `messages` (`id`, `from_user_id`, `to_user_id`, `body`, `created_at`) VALUES ('487', '65', '49', 'Debitis quaerat doloremque autem aliquam repudiandae. Laboriosam sit harum deserunt dolorem aperiam inventore inventore sed. Doloremque odit est consequatur molestiae.', '1981-06-29 21:53:23');
INSERT INTO `messages` (`id`, `from_user_id`, `to_user_id`, `body`, `created_at`) VALUES ('488', '31', '4', 'Est rerum quia earum vel autem cumque animi quam. Quia saepe suscipit ea unde illum amet. Ipsam suscipit illo corporis aperiam. Tempore consequatur autem nemo earum.', '2004-10-15 12:42:58');
INSERT INTO `messages` (`id`, `from_user_id`, `to_user_id`, `body`, `created_at`) VALUES ('489', '85', '32', 'Laborum iste dolores magnam culpa consequatur distinctio. Molestiae enim ducimus ut alias quaerat alias. Et deserunt reiciendis autem nostrum eum. Reprehenderit dolorum officiis odit id est voluptatem.', '1996-10-20 03:34:43');
INSERT INTO `messages` (`id`, `from_user_id`, `to_user_id`, `body`, `created_at`) VALUES ('490', '61', '17', 'Aliquid est est et et non nulla eius. Quae deleniti omnis consequuntur quo. Ad minus consequatur sit harum et.', '2022-04-24 19:33:13');
INSERT INTO `messages` (`id`, `from_user_id`, `to_user_id`, `body`, `created_at`) VALUES ('491', '92', '31', 'Quia ex quia labore illum voluptas. Non consequuntur sint ratione distinctio consequuntur ut. Voluptatem nam molestiae repellat corrupti quam ipsum delectus molestiae.', '2018-10-01 15:37:01');
INSERT INTO `messages` (`id`, `from_user_id`, `to_user_id`, `body`, `created_at`) VALUES ('492', '50', '11', 'Laudantium sed magnam molestias delectus quae. Molestias qui et illum non neque.', '2020-05-05 02:54:36');
INSERT INTO `messages` (`id`, `from_user_id`, `to_user_id`, `body`, `created_at`) VALUES ('493', '89', '72', 'Rerum exercitationem eligendi sequi quia cupiditate dolorem non aliquid. Omnis occaecati est dolores iusto suscipit ipsam. Numquam omnis fuga similique quia esse nihil.', '1988-09-29 02:05:13');
INSERT INTO `messages` (`id`, `from_user_id`, `to_user_id`, `body`, `created_at`) VALUES ('494', '20', '69', 'Quis voluptatum aut est temporibus. Ut laborum sequi qui voluptatem sed praesentium pariatur. Dolor illum quis a sed architecto et sed. Facilis sint deserunt aliquid alias modi accusamus. Nostrum non reiciendis corrupti dolor odio exercitationem minima.', '2004-09-11 16:51:54');
INSERT INTO `messages` (`id`, `from_user_id`, `to_user_id`, `body`, `created_at`) VALUES ('495', '52', '35', 'Cum itaque deleniti facilis voluptatibus. Numquam architecto molestias accusantium impedit. Officia maiores fuga vero ipsa eligendi iure. Mollitia id similique numquam error quaerat assumenda dolorum vel.', '2013-12-02 05:31:46');
INSERT INTO `messages` (`id`, `from_user_id`, `to_user_id`, `body`, `created_at`) VALUES ('496', '62', '74', 'Unde vero quidem quis repellendus at quidem. Beatae et aperiam tenetur. Aliquam nam blanditiis nobis enim. Voluptates dolores architecto quis.', '1981-06-27 13:48:00');
INSERT INTO `messages` (`id`, `from_user_id`, `to_user_id`, `body`, `created_at`) VALUES ('497', '58', '71', 'Dolore ab modi qui nostrum accusantium dolore. Quaerat error non eum nobis eligendi illo.', '1985-12-09 13:22:57');
INSERT INTO `messages` (`id`, `from_user_id`, `to_user_id`, `body`, `created_at`) VALUES ('498', '73', '49', 'Et explicabo laudantium dolor. Cupiditate quam excepturi voluptatem fugiat. Doloribus rem quis eligendi quos corporis aspernatur temporibus consequuntur. Magnam consequuntur quod quo velit repellendus. Neque similique dolor eaque quis nulla.', '1975-02-10 23:25:20');
INSERT INTO `messages` (`id`, `from_user_id`, `to_user_id`, `body`, `created_at`) VALUES ('499', '89', '37', 'Ex sint saepe unde voluptas temporibus. Cum nobis voluptates repudiandae quae perspiciatis. Ipsum asperiores rerum dolor iste laborum. Et quo sed harum soluta deserunt totam.', '1986-09-11 06:22:11');
INSERT INTO `messages` (`id`, `from_user_id`, `to_user_id`, `body`, `created_at`) VALUES ('500', '49', '48', 'Voluptatem tenetur ducimus est similique quod maxime. Pariatur veritatis eligendi amet inventore eveniet. Adipisci voluptatibus quia ipsa tenetur est.', '2021-02-10 11:16:08');


#
# TABLE STRUCTURE FOR: photo_albums
#

DROP TABLE IF EXISTS `photo_albums`;

CREATE TABLE `photo_albums` (
  `id` bigint(20) unsigned NOT NULL AUTO_INCREMENT,
  `name` varchar(255) COLLATE utf8mb4_unicode_ci DEFAULT NULL,
  `user_id` bigint(20) unsigned DEFAULT NULL,
  PRIMARY KEY (`id`),
  UNIQUE KEY `id` (`id`),
  KEY `user_id` (`user_id`),
  CONSTRAINT `photo_albums_ibfk_1` FOREIGN KEY (`user_id`) REFERENCES `users` (`id`) ON DELETE SET NULL ON UPDATE CASCADE
) ENGINE=InnoDB AUTO_INCREMENT=101 DEFAULT CHARSET=utf8mb4 COLLATE=utf8mb4_unicode_ci;

INSERT INTO `photo_albums` (`id`, `name`, `user_id`) VALUES ('1', 'nihil', '1');
INSERT INTO `photo_albums` (`id`, `name`, `user_id`) VALUES ('2', 'et', '2');
INSERT INTO `photo_albums` (`id`, `name`, `user_id`) VALUES ('3', 'facere', '3');
INSERT INTO `photo_albums` (`id`, `name`, `user_id`) VALUES ('4', 'saepe', '4');
INSERT INTO `photo_albums` (`id`, `name`, `user_id`) VALUES ('5', 'est', '5');
INSERT INTO `photo_albums` (`id`, `name`, `user_id`) VALUES ('6', 'dolore', '6');
INSERT INTO `photo_albums` (`id`, `name`, `user_id`) VALUES ('7', 'nihil', '7');
INSERT INTO `photo_albums` (`id`, `name`, `user_id`) VALUES ('8', 'sit', '8');
INSERT INTO `photo_albums` (`id`, `name`, `user_id`) VALUES ('9', 'est', '9');
INSERT INTO `photo_albums` (`id`, `name`, `user_id`) VALUES ('10', 'et', '10');
INSERT INTO `photo_albums` (`id`, `name`, `user_id`) VALUES ('11', 'aspernatur', '11');
INSERT INTO `photo_albums` (`id`, `name`, `user_id`) VALUES ('12', 'id', '12');
INSERT INTO `photo_albums` (`id`, `name`, `user_id`) VALUES ('13', 'nemo', '13');
INSERT INTO `photo_albums` (`id`, `name`, `user_id`) VALUES ('14', 'alias', '14');
INSERT INTO `photo_albums` (`id`, `name`, `user_id`) VALUES ('15', 'praesentium', '15');
INSERT INTO `photo_albums` (`id`, `name`, `user_id`) VALUES ('16', 'qui', '16');
INSERT INTO `photo_albums` (`id`, `name`, `user_id`) VALUES ('17', 'voluptate', '17');
INSERT INTO `photo_albums` (`id`, `name`, `user_id`) VALUES ('18', 'corrupti', '18');
INSERT INTO `photo_albums` (`id`, `name`, `user_id`) VALUES ('19', 'aliquam', '19');
INSERT INTO `photo_albums` (`id`, `name`, `user_id`) VALUES ('20', 'aut', '20');
INSERT INTO `photo_albums` (`id`, `name`, `user_id`) VALUES ('21', 'magni', '21');
INSERT INTO `photo_albums` (`id`, `name`, `user_id`) VALUES ('22', 'veniam', '22');
INSERT INTO `photo_albums` (`id`, `name`, `user_id`) VALUES ('23', 'qui', '23');
INSERT INTO `photo_albums` (`id`, `name`, `user_id`) VALUES ('24', 'consequatur', '24');
INSERT INTO `photo_albums` (`id`, `name`, `user_id`) VALUES ('25', 'ea', '25');
INSERT INTO `photo_albums` (`id`, `name`, `user_id`) VALUES ('26', 'eum', '26');
INSERT INTO `photo_albums` (`id`, `name`, `user_id`) VALUES ('27', 'tenetur', '27');
INSERT INTO `photo_albums` (`id`, `name`, `user_id`) VALUES ('28', 'voluptas', '28');
INSERT INTO `photo_albums` (`id`, `name`, `user_id`) VALUES ('29', 'et', '29');
INSERT INTO `photo_albums` (`id`, `name`, `user_id`) VALUES ('30', 'qui', '30');
INSERT INTO `photo_albums` (`id`, `name`, `user_id`) VALUES ('31', 'rem', '31');
INSERT INTO `photo_albums` (`id`, `name`, `user_id`) VALUES ('32', 'adipisci', '32');
INSERT INTO `photo_albums` (`id`, `name`, `user_id`) VALUES ('33', 'perferendis', '33');
INSERT INTO `photo_albums` (`id`, `name`, `user_id`) VALUES ('34', 'ut', '34');
INSERT INTO `photo_albums` (`id`, `name`, `user_id`) VALUES ('35', 'et', '35');
INSERT INTO `photo_albums` (`id`, `name`, `user_id`) VALUES ('36', 'vel', '36');
INSERT INTO `photo_albums` (`id`, `name`, `user_id`) VALUES ('37', 'et', '37');
INSERT INTO `photo_albums` (`id`, `name`, `user_id`) VALUES ('38', 'vero', '38');
INSERT INTO `photo_albums` (`id`, `name`, `user_id`) VALUES ('39', 'vitae', '39');
INSERT INTO `photo_albums` (`id`, `name`, `user_id`) VALUES ('40', 'consectetur', '40');
INSERT INTO `photo_albums` (`id`, `name`, `user_id`) VALUES ('41', 'consectetur', '41');
INSERT INTO `photo_albums` (`id`, `name`, `user_id`) VALUES ('42', 'quos', '42');
INSERT INTO `photo_albums` (`id`, `name`, `user_id`) VALUES ('43', 'qui', '43');
INSERT INTO `photo_albums` (`id`, `name`, `user_id`) VALUES ('44', 'dolor', '44');
INSERT INTO `photo_albums` (`id`, `name`, `user_id`) VALUES ('45', 'numquam', '45');
INSERT INTO `photo_albums` (`id`, `name`, `user_id`) VALUES ('46', 'doloribus', '46');
INSERT INTO `photo_albums` (`id`, `name`, `user_id`) VALUES ('47', 'neque', '47');
INSERT INTO `photo_albums` (`id`, `name`, `user_id`) VALUES ('48', 'dolore', '48');
INSERT INTO `photo_albums` (`id`, `name`, `user_id`) VALUES ('49', 'sapiente', '49');
INSERT INTO `photo_albums` (`id`, `name`, `user_id`) VALUES ('50', 'necessitatibus', '50');
INSERT INTO `photo_albums` (`id`, `name`, `user_id`) VALUES ('51', 'quam', '51');
INSERT INTO `photo_albums` (`id`, `name`, `user_id`) VALUES ('52', 'dicta', '52');
INSERT INTO `photo_albums` (`id`, `name`, `user_id`) VALUES ('53', 'dolore', '53');
INSERT INTO `photo_albums` (`id`, `name`, `user_id`) VALUES ('54', 'consequatur', '54');
INSERT INTO `photo_albums` (`id`, `name`, `user_id`) VALUES ('55', 'ut', '55');
INSERT INTO `photo_albums` (`id`, `name`, `user_id`) VALUES ('56', 'sit', '56');
INSERT INTO `photo_albums` (`id`, `name`, `user_id`) VALUES ('57', 'quae', '57');
INSERT INTO `photo_albums` (`id`, `name`, `user_id`) VALUES ('58', 'dolores', '58');
INSERT INTO `photo_albums` (`id`, `name`, `user_id`) VALUES ('59', 'porro', '59');
INSERT INTO `photo_albums` (`id`, `name`, `user_id`) VALUES ('60', 'ipsum', '60');
INSERT INTO `photo_albums` (`id`, `name`, `user_id`) VALUES ('61', 'dolores', '61');
INSERT INTO `photo_albums` (`id`, `name`, `user_id`) VALUES ('62', 'sequi', '62');
INSERT INTO `photo_albums` (`id`, `name`, `user_id`) VALUES ('63', 'voluptates', '63');
INSERT INTO `photo_albums` (`id`, `name`, `user_id`) VALUES ('64', 'et', '64');
INSERT INTO `photo_albums` (`id`, `name`, `user_id`) VALUES ('65', 'ut', '65');
INSERT INTO `photo_albums` (`id`, `name`, `user_id`) VALUES ('66', 'deserunt', '66');
INSERT INTO `photo_albums` (`id`, `name`, `user_id`) VALUES ('67', 'perspiciatis', '67');
INSERT INTO `photo_albums` (`id`, `name`, `user_id`) VALUES ('68', 'ipsam', '68');
INSERT INTO `photo_albums` (`id`, `name`, `user_id`) VALUES ('69', 'molestiae', '69');
INSERT INTO `photo_albums` (`id`, `name`, `user_id`) VALUES ('70', 'quaerat', '70');
INSERT INTO `photo_albums` (`id`, `name`, `user_id`) VALUES ('71', 'aspernatur', '71');
INSERT INTO `photo_albums` (`id`, `name`, `user_id`) VALUES ('72', 'repellendus', '72');
INSERT INTO `photo_albums` (`id`, `name`, `user_id`) VALUES ('73', 'placeat', '73');
INSERT INTO `photo_albums` (`id`, `name`, `user_id`) VALUES ('74', 'dolorum', '74');
INSERT INTO `photo_albums` (`id`, `name`, `user_id`) VALUES ('75', 'accusamus', '75');
INSERT INTO `photo_albums` (`id`, `name`, `user_id`) VALUES ('76', 'nobis', '76');
INSERT INTO `photo_albums` (`id`, `name`, `user_id`) VALUES ('77', 'velit', '77');
INSERT INTO `photo_albums` (`id`, `name`, `user_id`) VALUES ('78', 'nesciunt', '78');
INSERT INTO `photo_albums` (`id`, `name`, `user_id`) VALUES ('79', 'expedita', '79');
INSERT INTO `photo_albums` (`id`, `name`, `user_id`) VALUES ('80', 'et', '80');
INSERT INTO `photo_albums` (`id`, `name`, `user_id`) VALUES ('81', 'blanditiis', '81');
INSERT INTO `photo_albums` (`id`, `name`, `user_id`) VALUES ('82', 'laudantium', '82');
INSERT INTO `photo_albums` (`id`, `name`, `user_id`) VALUES ('83', 'dignissimos', '83');
INSERT INTO `photo_albums` (`id`, `name`, `user_id`) VALUES ('84', 'cumque', '84');
INSERT INTO `photo_albums` (`id`, `name`, `user_id`) VALUES ('85', 'laudantium', '85');
INSERT INTO `photo_albums` (`id`, `name`, `user_id`) VALUES ('86', 'qui', '86');
INSERT INTO `photo_albums` (`id`, `name`, `user_id`) VALUES ('87', 'nam', '87');
INSERT INTO `photo_albums` (`id`, `name`, `user_id`) VALUES ('88', 'aut', '88');
INSERT INTO `photo_albums` (`id`, `name`, `user_id`) VALUES ('89', 'non', '89');
INSERT INTO `photo_albums` (`id`, `name`, `user_id`) VALUES ('90', 'aperiam', '90');
INSERT INTO `photo_albums` (`id`, `name`, `user_id`) VALUES ('91', 'iure', '91');
INSERT INTO `photo_albums` (`id`, `name`, `user_id`) VALUES ('92', 'architecto', '92');
INSERT INTO `photo_albums` (`id`, `name`, `user_id`) VALUES ('93', 'eius', '93');
INSERT INTO `photo_albums` (`id`, `name`, `user_id`) VALUES ('94', 'dolorum', '94');
INSERT INTO `photo_albums` (`id`, `name`, `user_id`) VALUES ('95', 'illo', '95');
INSERT INTO `photo_albums` (`id`, `name`, `user_id`) VALUES ('96', 'ea', '96');
INSERT INTO `photo_albums` (`id`, `name`, `user_id`) VALUES ('97', 'odio', '97');
INSERT INTO `photo_albums` (`id`, `name`, `user_id`) VALUES ('98', 'perspiciatis', '98');
INSERT INTO `photo_albums` (`id`, `name`, `user_id`) VALUES ('99', 'nobis', '99');
INSERT INTO `photo_albums` (`id`, `name`, `user_id`) VALUES ('100', 'non', '100');


#
# TABLE STRUCTURE FOR: photos
#

DROP TABLE IF EXISTS `photos`;

CREATE TABLE `photos` (
  `id` bigint(20) unsigned NOT NULL AUTO_INCREMENT,
  `album_id` bigint(20) unsigned NOT NULL,
  `media_id` bigint(20) unsigned NOT NULL,
  PRIMARY KEY (`id`),
  KEY `album_id` (`album_id`),
  KEY `media_id` (`media_id`),
  CONSTRAINT `photos_ibfk_1` FOREIGN KEY (`album_id`) REFERENCES `photo_albums` (`id`) ON DELETE CASCADE ON UPDATE CASCADE,
  CONSTRAINT `photos_ibfk_2` FOREIGN KEY (`media_id`) REFERENCES `media` (`id`) ON DELETE CASCADE ON UPDATE CASCADE
) ENGINE=InnoDB AUTO_INCREMENT=101 DEFAULT CHARSET=utf8mb4 COLLATE=utf8mb4_unicode_ci;

INSERT INTO `photos` (`id`, `album_id`, `media_id`) VALUES ('1', '46', '1');
INSERT INTO `photos` (`id`, `album_id`, `media_id`) VALUES ('2', '43', '2');
INSERT INTO `photos` (`id`, `album_id`, `media_id`) VALUES ('3', '85', '3');
INSERT INTO `photos` (`id`, `album_id`, `media_id`) VALUES ('4', '69', '4');
INSERT INTO `photos` (`id`, `album_id`, `media_id`) VALUES ('5', '84', '5');
INSERT INTO `photos` (`id`, `album_id`, `media_id`) VALUES ('6', '94', '6');
INSERT INTO `photos` (`id`, `album_id`, `media_id`) VALUES ('7', '58', '7');
INSERT INTO `photos` (`id`, `album_id`, `media_id`) VALUES ('8', '61', '8');
INSERT INTO `photos` (`id`, `album_id`, `media_id`) VALUES ('9', '14', '9');
INSERT INTO `photos` (`id`, `album_id`, `media_id`) VALUES ('10', '97', '10');
INSERT INTO `photos` (`id`, `album_id`, `media_id`) VALUES ('11', '62', '11');
INSERT INTO `photos` (`id`, `album_id`, `media_id`) VALUES ('12', '49', '12');
INSERT INTO `photos` (`id`, `album_id`, `media_id`) VALUES ('13', '43', '13');
INSERT INTO `photos` (`id`, `album_id`, `media_id`) VALUES ('14', '15', '14');
INSERT INTO `photos` (`id`, `album_id`, `media_id`) VALUES ('15', '67', '15');
INSERT INTO `photos` (`id`, `album_id`, `media_id`) VALUES ('16', '86', '16');
INSERT INTO `photos` (`id`, `album_id`, `media_id`) VALUES ('17', '91', '17');
INSERT INTO `photos` (`id`, `album_id`, `media_id`) VALUES ('18', '17', '18');
INSERT INTO `photos` (`id`, `album_id`, `media_id`) VALUES ('19', '81', '19');
INSERT INTO `photos` (`id`, `album_id`, `media_id`) VALUES ('20', '21', '20');
INSERT INTO `photos` (`id`, `album_id`, `media_id`) VALUES ('21', '6', '21');
INSERT INTO `photos` (`id`, `album_id`, `media_id`) VALUES ('22', '71', '22');
INSERT INTO `photos` (`id`, `album_id`, `media_id`) VALUES ('23', '61', '23');
INSERT INTO `photos` (`id`, `album_id`, `media_id`) VALUES ('24', '46', '24');
INSERT INTO `photos` (`id`, `album_id`, `media_id`) VALUES ('25', '66', '25');
INSERT INTO `photos` (`id`, `album_id`, `media_id`) VALUES ('26', '90', '26');
INSERT INTO `photos` (`id`, `album_id`, `media_id`) VALUES ('27', '48', '27');
INSERT INTO `photos` (`id`, `album_id`, `media_id`) VALUES ('28', '91', '28');
INSERT INTO `photos` (`id`, `album_id`, `media_id`) VALUES ('29', '5', '29');
INSERT INTO `photos` (`id`, `album_id`, `media_id`) VALUES ('30', '78', '30');
INSERT INTO `photos` (`id`, `album_id`, `media_id`) VALUES ('31', '46', '31');
INSERT INTO `photos` (`id`, `album_id`, `media_id`) VALUES ('32', '14', '32');
INSERT INTO `photos` (`id`, `album_id`, `media_id`) VALUES ('33', '30', '33');
INSERT INTO `photos` (`id`, `album_id`, `media_id`) VALUES ('34', '81', '34');
INSERT INTO `photos` (`id`, `album_id`, `media_id`) VALUES ('35', '90', '35');
INSERT INTO `photos` (`id`, `album_id`, `media_id`) VALUES ('36', '42', '36');
INSERT INTO `photos` (`id`, `album_id`, `media_id`) VALUES ('37', '81', '37');
INSERT INTO `photos` (`id`, `album_id`, `media_id`) VALUES ('38', '54', '38');
INSERT INTO `photos` (`id`, `album_id`, `media_id`) VALUES ('39', '36', '39');
INSERT INTO `photos` (`id`, `album_id`, `media_id`) VALUES ('40', '77', '40');
INSERT INTO `photos` (`id`, `album_id`, `media_id`) VALUES ('41', '89', '41');
INSERT INTO `photos` (`id`, `album_id`, `media_id`) VALUES ('42', '87', '42');
INSERT INTO `photos` (`id`, `album_id`, `media_id`) VALUES ('43', '2', '43');
INSERT INTO `photos` (`id`, `album_id`, `media_id`) VALUES ('44', '12', '44');
INSERT INTO `photos` (`id`, `album_id`, `media_id`) VALUES ('45', '6', '45');
INSERT INTO `photos` (`id`, `album_id`, `media_id`) VALUES ('46', '32', '46');
INSERT INTO `photos` (`id`, `album_id`, `media_id`) VALUES ('47', '54', '47');
INSERT INTO `photos` (`id`, `album_id`, `media_id`) VALUES ('48', '93', '48');
INSERT INTO `photos` (`id`, `album_id`, `media_id`) VALUES ('49', '13', '49');
INSERT INTO `photos` (`id`, `album_id`, `media_id`) VALUES ('50', '48', '50');
INSERT INTO `photos` (`id`, `album_id`, `media_id`) VALUES ('51', '24', '51');
INSERT INTO `photos` (`id`, `album_id`, `media_id`) VALUES ('52', '55', '52');
INSERT INTO `photos` (`id`, `album_id`, `media_id`) VALUES ('53', '53', '53');
INSERT INTO `photos` (`id`, `album_id`, `media_id`) VALUES ('54', '59', '54');
INSERT INTO `photos` (`id`, `album_id`, `media_id`) VALUES ('55', '10', '55');
INSERT INTO `photos` (`id`, `album_id`, `media_id`) VALUES ('56', '57', '56');
INSERT INTO `photos` (`id`, `album_id`, `media_id`) VALUES ('57', '84', '57');
INSERT INTO `photos` (`id`, `album_id`, `media_id`) VALUES ('58', '72', '58');
INSERT INTO `photos` (`id`, `album_id`, `media_id`) VALUES ('59', '96', '59');
INSERT INTO `photos` (`id`, `album_id`, `media_id`) VALUES ('60', '64', '60');
INSERT INTO `photos` (`id`, `album_id`, `media_id`) VALUES ('61', '57', '61');
INSERT INTO `photos` (`id`, `album_id`, `media_id`) VALUES ('62', '62', '62');
INSERT INTO `photos` (`id`, `album_id`, `media_id`) VALUES ('63', '73', '63');
INSERT INTO `photos` (`id`, `album_id`, `media_id`) VALUES ('64', '91', '64');
INSERT INTO `photos` (`id`, `album_id`, `media_id`) VALUES ('65', '60', '65');
INSERT INTO `photos` (`id`, `album_id`, `media_id`) VALUES ('66', '98', '66');
INSERT INTO `photos` (`id`, `album_id`, `media_id`) VALUES ('67', '91', '67');
INSERT INTO `photos` (`id`, `album_id`, `media_id`) VALUES ('68', '93', '68');
INSERT INTO `photos` (`id`, `album_id`, `media_id`) VALUES ('69', '41', '69');
INSERT INTO `photos` (`id`, `album_id`, `media_id`) VALUES ('70', '96', '70');
INSERT INTO `photos` (`id`, `album_id`, `media_id`) VALUES ('71', '94', '71');
INSERT INTO `photos` (`id`, `album_id`, `media_id`) VALUES ('72', '79', '72');
INSERT INTO `photos` (`id`, `album_id`, `media_id`) VALUES ('73', '44', '73');
INSERT INTO `photos` (`id`, `album_id`, `media_id`) VALUES ('74', '15', '74');
INSERT INTO `photos` (`id`, `album_id`, `media_id`) VALUES ('75', '59', '75');
INSERT INTO `photos` (`id`, `album_id`, `media_id`) VALUES ('76', '8', '76');
INSERT INTO `photos` (`id`, `album_id`, `media_id`) VALUES ('77', '26', '77');
INSERT INTO `photos` (`id`, `album_id`, `media_id`) VALUES ('78', '58', '78');
INSERT INTO `photos` (`id`, `album_id`, `media_id`) VALUES ('79', '69', '79');
INSERT INTO `photos` (`id`, `album_id`, `media_id`) VALUES ('80', '23', '80');
INSERT INTO `photos` (`id`, `album_id`, `media_id`) VALUES ('81', '39', '81');
INSERT INTO `photos` (`id`, `album_id`, `media_id`) VALUES ('82', '66', '82');
INSERT INTO `photos` (`id`, `album_id`, `media_id`) VALUES ('83', '70', '83');
INSERT INTO `photos` (`id`, `album_id`, `media_id`) VALUES ('84', '85', '84');
INSERT INTO `photos` (`id`, `album_id`, `media_id`) VALUES ('85', '77', '85');
INSERT INTO `photos` (`id`, `album_id`, `media_id`) VALUES ('86', '47', '86');
INSERT INTO `photos` (`id`, `album_id`, `media_id`) VALUES ('87', '25', '87');
INSERT INTO `photos` (`id`, `album_id`, `media_id`) VALUES ('88', '64', '88');
INSERT INTO `photos` (`id`, `album_id`, `media_id`) VALUES ('89', '73', '89');
INSERT INTO `photos` (`id`, `album_id`, `media_id`) VALUES ('90', '81', '90');
INSERT INTO `photos` (`id`, `album_id`, `media_id`) VALUES ('91', '64', '91');
INSERT INTO `photos` (`id`, `album_id`, `media_id`) VALUES ('92', '28', '92');
INSERT INTO `photos` (`id`, `album_id`, `media_id`) VALUES ('93', '51', '93');
INSERT INTO `photos` (`id`, `album_id`, `media_id`) VALUES ('94', '79', '94');
INSERT INTO `photos` (`id`, `album_id`, `media_id`) VALUES ('95', '96', '95');
INSERT INTO `photos` (`id`, `album_id`, `media_id`) VALUES ('96', '40', '96');
INSERT INTO `photos` (`id`, `album_id`, `media_id`) VALUES ('97', '95', '97');
INSERT INTO `photos` (`id`, `album_id`, `media_id`) VALUES ('98', '14', '98');
INSERT INTO `photos` (`id`, `album_id`, `media_id`) VALUES ('99', '95', '99');
INSERT INTO `photos` (`id`, `album_id`, `media_id`) VALUES ('100', '52', '100');


#
# TABLE STRUCTURE FOR: profiles
#

DROP TABLE IF EXISTS `profiles`;

CREATE TABLE `profiles` (
  `user_id` bigint(20) unsigned NOT NULL AUTO_INCREMENT,
  `gender` char(1) COLLATE utf8mb4_unicode_ci DEFAULT NULL,
  `birthday` date DEFAULT NULL,
  `photo_id` bigint(20) unsigned DEFAULT NULL,
  `created_at` datetime DEFAULT current_timestamp(),
  `hometown` varchar(100) COLLATE utf8mb4_unicode_ci DEFAULT NULL,
  PRIMARY KEY (`user_id`),
  KEY `fk_photo_id` (`photo_id`),
  CONSTRAINT `fk_photo_id` FOREIGN KEY (`photo_id`) REFERENCES `photos` (`id`) ON DELETE SET NULL ON UPDATE CASCADE,
  CONSTRAINT `fk_user_id` FOREIGN KEY (`user_id`) REFERENCES `users` (`id`) ON DELETE CASCADE ON UPDATE CASCADE
) ENGINE=InnoDB AUTO_INCREMENT=1601 DEFAULT CHARSET=utf8mb4 COLLATE=utf8mb4_unicode_ci;

#
# TABLE STRUCTURE FOR: users
#

DROP TABLE IF EXISTS `users`;

CREATE TABLE `users` (
  `id` bigint(20) unsigned NOT NULL AUTO_INCREMENT,
  `firstname` varchar(100) COLLATE utf8mb4_unicode_ci DEFAULT NULL,
  `lastname` varchar(100) COLLATE utf8mb4_unicode_ci DEFAULT NULL COMMENT '',
  `email` varchar(100) COLLATE utf8mb4_unicode_ci DEFAULT NULL,
  `password_hash` varchar(100) COLLATE utf8mb4_unicode_ci DEFAULT NULL,
  `phone` bigint(20) DEFAULT NULL,
  `is_deleted` bit(1) DEFAULT b'0',
  PRIMARY KEY (`id`),
  UNIQUE KEY `email` (`email`),
  KEY `users_firstname_lastname_idx` (`firstname`,`lastname`)
) ENGINE=InnoDB AUTO_INCREMENT=101 DEFAULT CHARSET=utf8mb4 COLLATE=utf8mb4_unicode_ci;

INSERT INTO `users` (`id`, `firstname`, `lastname`, `email`, `password_hash`, `phone`, `is_deleted`) VALUES ('1', 'Silas', 'Treutel', 'boyle.sandrine@example.net', '22405b45ffadf0bca09dda3b100c0efb30aa8152', '7881212449', '1');
INSERT INTO `users` (`id`, `firstname`, `lastname`, `email`, `password_hash`, `phone`, `is_deleted`) VALUES ('2', 'Cicero', 'Purdy', 'jameson.schaefer@example.org', 'c4a3d3555d65d60fb9607d05cdf309045ca9d9aa', '1', '0');
INSERT INTO `users` (`id`, `firstname`, `lastname`, `email`, `password_hash`, `phone`, `is_deleted`) VALUES ('3', 'Shawn', 'Vandervort', 'ngutkowski@example.com', '72aacfbe181f3a27c12399ecf891f84d6055c316', '98', '1');
INSERT INTO `users` (`id`, `firstname`, `lastname`, `email`, `password_hash`, `phone`, `is_deleted`) VALUES ('4', 'Deja', 'Reichert', 'eugenia.smitham@example.org', 'c56a74290ead8be8bdeb408c21df7314dc200f56', '291304', '0');
INSERT INTO `users` (`id`, `firstname`, `lastname`, `email`, `password_hash`, `phone`, `is_deleted`) VALUES ('5', 'Jovani', 'Spencer', 'george.gulgowski@example.net', '9247a36be562614feb56edf254faa390e32ce7e7', '155224', '1');
INSERT INTO `users` (`id`, `firstname`, `lastname`, `email`, `password_hash`, `phone`, `is_deleted`) VALUES ('6', 'Isaac', 'Schneider', 'turcotte.dameon@example.net', '3c3c9384d31bba8ed4118174579ccebd7efe5db9', '485622', '0');
INSERT INTO `users` (`id`, `firstname`, `lastname`, `email`, `password_hash`, `phone`, `is_deleted`) VALUES ('7', 'Columbus', 'Halvorson', 'karlie.koss@example.org', '06b454266ee18d7fea6cdfdc97bee8a5ea05f669', '6133840438', '0');
INSERT INTO `users` (`id`, `firstname`, `lastname`, `email`, `password_hash`, `phone`, `is_deleted`) VALUES ('8', 'Ernie', 'Labadie', 'schuppe.lafayette@example.net', '07bb4d566720578e10435fecc91a005a64743cd6', '1', '0');
INSERT INTO `users` (`id`, `firstname`, `lastname`, `email`, `password_hash`, `phone`, `is_deleted`) VALUES ('9', 'Janelle', 'Goldner', 'kozey.cruz@example.net', '21249b19319472063a81f8d5c0e1b451c9713489', '805626', '0');
INSERT INTO `users` (`id`, `firstname`, `lastname`, `email`, `password_hash`, `phone`, `is_deleted`) VALUES ('10', 'Isai', 'Prosacco', 'jany51@example.com', 'acb387fff01f5b2bd35420711378ffaaa443f629', '17', '1');
INSERT INTO `users` (`id`, `firstname`, `lastname`, `email`, `password_hash`, `phone`, `is_deleted`) VALUES ('11', 'Michale', 'Johns', 'korn@example.com', '05671f2cd350472f862c56449816810fb796f244', '657', '1');
INSERT INTO `users` (`id`, `firstname`, `lastname`, `email`, `password_hash`, `phone`, `is_deleted`) VALUES ('12', 'Devin', 'Luettgen', 'jayde63@example.org', 'bae232387b61a37802ade7365ca938fa7ba2c0c7', '1', '0');
INSERT INTO `users` (`id`, `firstname`, `lastname`, `email`, `password_hash`, `phone`, `is_deleted`) VALUES ('13', 'Hope', 'Witting', 'susie16@example.org', '240ad8c53ee41cb1df3d74ea5defdb304cc5e6e7', '1', '1');
INSERT INTO `users` (`id`, `firstname`, `lastname`, `email`, `password_hash`, `phone`, `is_deleted`) VALUES ('14', 'Jo', 'Witting', 'sienna19@example.org', '11e9d9b935c52b9108c53dbc987917bdaa8cdaa9', '1', '1');
INSERT INTO `users` (`id`, `firstname`, `lastname`, `email`, `password_hash`, `phone`, `is_deleted`) VALUES ('15', 'Ismael', 'Bashirian', 'bernhard.demond@example.org', '47b7e744bccb92eb8b9bc54175fafa6a851fa73c', '1', '0');
INSERT INTO `users` (`id`, `firstname`, `lastname`, `email`, `password_hash`, `phone`, `is_deleted`) VALUES ('16', 'Otto', 'Rolfson', 'addison.turner@example.com', 'f8f9c1b529ff8fba245227ebd8b93a21b0625578', '17', '0');
INSERT INTO `users` (`id`, `firstname`, `lastname`, `email`, `password_hash`, `phone`, `is_deleted`) VALUES ('17', 'Brooke', 'Auer', 'harold.murray@example.net', '07723b8934d554f2c9c39ba210a69ef64eb69caf', '992396', '0');
INSERT INTO `users` (`id`, `firstname`, `lastname`, `email`, `password_hash`, `phone`, `is_deleted`) VALUES ('18', 'Filiberto', 'Greenfelder', 'ylueilwitz@example.com', '820297940c4aa6f57edb5cdef6af2ad9126bead8', '0', '0');
INSERT INTO `users` (`id`, `firstname`, `lastname`, `email`, `password_hash`, `phone`, `is_deleted`) VALUES ('19', 'Neha', 'Ruecker', 'myron.vandervort@example.org', '956bbda7fbed17418003c1289820272874d96603', '1', '0');
INSERT INTO `users` (`id`, `firstname`, `lastname`, `email`, `password_hash`, `phone`, `is_deleted`) VALUES ('20', 'Krystel', 'Oberbrunner', 'shanel19@example.net', '1a45253de0de8e4615dd96c893a5d0df7abda13d', '269', '0');
INSERT INTO `users` (`id`, `firstname`, `lastname`, `email`, `password_hash`, `phone`, `is_deleted`) VALUES ('21', 'Rae', 'Hoppe', 'valentine.considine@example.com', 'a858cc1259a1e6146f7e87606e5ccbd2bb878aa4', '0', '0');
INSERT INTO `users` (`id`, `firstname`, `lastname`, `email`, `password_hash`, `phone`, `is_deleted`) VALUES ('22', 'Dallas', 'Kutch', 'skrajcik@example.org', '9280f30d54e38d7d3c04003e84aeeb42982a3630', '166', '1');
INSERT INTO `users` (`id`, `firstname`, `lastname`, `email`, `password_hash`, `phone`, `is_deleted`) VALUES ('23', 'Gilda', 'Waters', 'hortense12@example.org', '0c062efe8296b148364e910d985393c3d693be84', '93', '0');
INSERT INTO `users` (`id`, `firstname`, `lastname`, `email`, `password_hash`, `phone`, `is_deleted`) VALUES ('24', 'Bernard', 'Spinka', 'wrau@example.net', 'bad65f4b061769d3f9b6ac8f6359db286e2f72be', '727617', '1');
INSERT INTO `users` (`id`, `firstname`, `lastname`, `email`, `password_hash`, `phone`, `is_deleted`) VALUES ('25', 'Kari', 'Schmitt', 'kbeatty@example.com', '66d32c69b718468add1d75829ad2c777910e27cd', '11', '1');
INSERT INTO `users` (`id`, `firstname`, `lastname`, `email`, `password_hash`, `phone`, `is_deleted`) VALUES ('26', 'Jovany', 'Runte', 'jjohns@example.net', 'ec304763dfe29a0643a95a5e21f61bfafa1c4b12', '1', '0');
INSERT INTO `users` (`id`, `firstname`, `lastname`, `email`, `password_hash`, `phone`, `is_deleted`) VALUES ('27', 'Nelda', 'Ankunding', 'aliya.yundt@example.org', '5c6142208e27df404b764adbb3cdf5cfa195db6b', '1', '0');
INSERT INTO `users` (`id`, `firstname`, `lastname`, `email`, `password_hash`, `phone`, `is_deleted`) VALUES ('28', 'Buster', 'Volkman', 'harrison64@example.net', '3c016500c7c51b5b1586cb05c17bed1dd1d1041f', '605425', '0');
INSERT INTO `users` (`id`, `firstname`, `lastname`, `email`, `password_hash`, `phone`, `is_deleted`) VALUES ('29', 'Pauline', 'Kunze', 'cale89@example.net', 'ebd2a336c46dc297e81f0688944c73eebfe22b43', '0', '0');
INSERT INTO `users` (`id`, `firstname`, `lastname`, `email`, `password_hash`, `phone`, `is_deleted`) VALUES ('30', 'Paula', 'Schultz', 'qrogahn@example.org', 'eb21fc05749d6b901ec40be5100a870e5df88b53', '0', '1');
INSERT INTO `users` (`id`, `firstname`, `lastname`, `email`, `password_hash`, `phone`, `is_deleted`) VALUES ('31', 'Unique', 'Pfeffer', 'wroob@example.com', '79a8980152586ee6391b5a0687a9ef0ea21c417f', '0', '1');
INSERT INTO `users` (`id`, `firstname`, `lastname`, `email`, `password_hash`, `phone`, `is_deleted`) VALUES ('32', 'Imani', 'Wisozk', 'feeney.etha@example.com', 'c76a2a6a936eec1cf46f3b713bd2f09ab59a12fa', '0', '0');
INSERT INTO `users` (`id`, `firstname`, `lastname`, `email`, `password_hash`, `phone`, `is_deleted`) VALUES ('33', 'Marjory', 'Macejkovic', 'shaniya96@example.org', '98ab2877f555c8716c737f5ce648752d45f608d0', '1720696459', '0');
INSERT INTO `users` (`id`, `firstname`, `lastname`, `email`, `password_hash`, `phone`, `is_deleted`) VALUES ('34', 'Monserrate', 'Padberg', 'brekke.herman@example.net', 'e57611cbc8fa26f75a956bc77c80590a2f2a2c80', '437439', '0');
INSERT INTO `users` (`id`, `firstname`, `lastname`, `email`, `password_hash`, `phone`, `is_deleted`) VALUES ('35', 'Beulah', 'Jakubowski', 'marcus54@example.net', '450f4a80284757394dab0dbff12c820d1cd510df', '6274963872', '0');
INSERT INTO `users` (`id`, `firstname`, `lastname`, `email`, `password_hash`, `phone`, `is_deleted`) VALUES ('36', 'Cali', 'Braun', 'dhirthe@example.org', 'e991e4bca81b3018c789282a000386fa51894ee1', '413', '1');
INSERT INTO `users` (`id`, `firstname`, `lastname`, `email`, `password_hash`, `phone`, `is_deleted`) VALUES ('37', 'Jonathan', 'Kuvalis', 'maida84@example.org', 'd17f28992f8d8ae480ac5d85096f573299f93be0', '1', '1');
INSERT INTO `users` (`id`, `firstname`, `lastname`, `email`, `password_hash`, `phone`, `is_deleted`) VALUES ('38', 'Bessie', 'Price', 'pkiehn@example.org', '02420f53d974e2dfda1b07142836c6858b51fa3f', '359953', '0');
INSERT INTO `users` (`id`, `firstname`, `lastname`, `email`, `password_hash`, `phone`, `is_deleted`) VALUES ('39', 'Kristoffer', 'Orn', 'green.savion@example.net', 'c5f3ff98c9ef931ea4afcc48c71117f4193c418a', '1', '1');
INSERT INTO `users` (`id`, `firstname`, `lastname`, `email`, `password_hash`, `phone`, `is_deleted`) VALUES ('40', 'Roselyn', 'Muller', 'vickie34@example.com', '3faaf61089a9dc108bf0d9ad72753a66a99a98d9', '1', '1');
INSERT INTO `users` (`id`, `firstname`, `lastname`, `email`, `password_hash`, `phone`, `is_deleted`) VALUES ('41', 'Renee', 'Jacobi', 'elenora.brown@example.net', '737328bc29fc1441736eff82c5183c24e1f59947', '0', '0');
INSERT INTO `users` (`id`, `firstname`, `lastname`, `email`, `password_hash`, `phone`, `is_deleted`) VALUES ('42', 'Crystel', 'Larson', 'hirthe.evert@example.com', '3ef601d9c00bc7a55470ccdfd84f118894b5c32b', '0', '1');
INSERT INTO `users` (`id`, `firstname`, `lastname`, `email`, `password_hash`, `phone`, `is_deleted`) VALUES ('43', 'Aliyah', 'Nitzsche', 'jhayes@example.com', 'd4611b0b0586414d44d7d459802107ed7488f651', '2824392008', '0');
INSERT INTO `users` (`id`, `firstname`, `lastname`, `email`, `password_hash`, `phone`, `is_deleted`) VALUES ('44', 'Nigel', 'Bartoletti', 'frankie26@example.net', 'f910f7dc0e044c3ae75454291a444484b251db1a', '329307', '0');
INSERT INTO `users` (`id`, `firstname`, `lastname`, `email`, `password_hash`, `phone`, `is_deleted`) VALUES ('45', 'Hanna', 'Shields', 'wbrakus@example.net', 'da88bb5b870791a85e55e87c99f491982f3627eb', '65994', '0');
INSERT INTO `users` (`id`, `firstname`, `lastname`, `email`, `password_hash`, `phone`, `is_deleted`) VALUES ('46', 'Efren', 'Schmitt', 'pwaelchi@example.com', '8789a253ce40e8dd127aa21118e7e089a5793d90', '57', '0');
INSERT INTO `users` (`id`, `firstname`, `lastname`, `email`, `password_hash`, `phone`, `is_deleted`) VALUES ('47', 'Autumn', 'Turcotte', 'esther.breitenberg@example.org', '4dc01d2f7b18109d1094fa6963e0038f0d009406', '1', '0');
INSERT INTO `users` (`id`, `firstname`, `lastname`, `email`, `password_hash`, `phone`, `is_deleted`) VALUES ('48', 'Elijah', 'Roberts', 'yhuels@example.org', 'e811261ac7d7b7d84cbebb486a08401eea3dd326', '1', '0');
INSERT INTO `users` (`id`, `firstname`, `lastname`, `email`, `password_hash`, `phone`, `is_deleted`) VALUES ('49', 'Shayna', 'Predovic', 'nolan70@example.org', 'c0d654e8d1e82ec780bd445a47f42a652d455c2f', '705504', '1');
INSERT INTO `users` (`id`, `firstname`, `lastname`, `email`, `password_hash`, `phone`, `is_deleted`) VALUES ('50', 'Nya', 'Herman', 'thompson.joaquin@example.net', 'e9e498936068e4b3e4e8f71d25f2d150532589eb', '1', '1');
INSERT INTO `users` (`id`, `firstname`, `lastname`, `email`, `password_hash`, `phone`, `is_deleted`) VALUES ('51', 'Bailey', 'Prohaska', 'harris.isom@example.com', '2df632f3e2da4818e8b3a4d6f530650961bfd712', '56', '0');
INSERT INTO `users` (`id`, `firstname`, `lastname`, `email`, `password_hash`, `phone`, `is_deleted`) VALUES ('52', 'Vivian', 'Halvorson', 'tyrese32@example.com', 'a7b919b4aaacf69c10c1d766770548fb2c76fe22', '257627', '1');
INSERT INTO `users` (`id`, `firstname`, `lastname`, `email`, `password_hash`, `phone`, `is_deleted`) VALUES ('53', 'Alize', 'Kovacek', 'sincere41@example.net', 'd3834752551a5a2be3529ccc2f9ffecc0eb92a7b', '1', '1');
INSERT INTO `users` (`id`, `firstname`, `lastname`, `email`, `password_hash`, `phone`, `is_deleted`) VALUES ('54', 'Aletha', 'Runolfsdottir', 'boyer.felicia@example.com', '8bd50b4556a5afe880a59de6163aa83edcfc155f', '423019', '1');
INSERT INTO `users` (`id`, `firstname`, `lastname`, `email`, `password_hash`, `phone`, `is_deleted`) VALUES ('55', 'Isabel', 'Considine', 'kuhlman.berenice@example.org', 'e391294f262b87921f1ece7cefb038fa327a846c', '86', '0');
INSERT INTO `users` (`id`, `firstname`, `lastname`, `email`, `password_hash`, `phone`, `is_deleted`) VALUES ('56', 'Thea', 'Halvorson', 'ewell.satterfield@example.net', '50f733594c22f57041dc6a4645b42f26f4116ecd', '367', '0');
INSERT INTO `users` (`id`, `firstname`, `lastname`, `email`, `password_hash`, `phone`, `is_deleted`) VALUES ('57', 'Lane', 'Kessler', 'swift.ben@example.com', '39e17044028271fba677222145c783efc20fee06', '0', '1');
INSERT INTO `users` (`id`, `firstname`, `lastname`, `email`, `password_hash`, `phone`, `is_deleted`) VALUES ('58', 'Bradford', 'Parisian', 'jonas66@example.net', 'd14ac2a85f3d39c5f9ed3cd4fa7d27243105a024', '664879', '1');
INSERT INTO `users` (`id`, `firstname`, `lastname`, `email`, `password_hash`, `phone`, `is_deleted`) VALUES ('59', 'Ella', 'Adams', 'qhuels@example.com', '1c69e6d22deb8eaa01b90be844e0517744c7c078', '1', '0');
INSERT INTO `users` (`id`, `firstname`, `lastname`, `email`, `password_hash`, `phone`, `is_deleted`) VALUES ('60', 'Hailey', 'Sanford', 'kay96@example.org', 'c122ff70b49dc46e448c9ee6224edd02710cabd1', '1', '1');
INSERT INTO `users` (`id`, `firstname`, `lastname`, `email`, `password_hash`, `phone`, `is_deleted`) VALUES ('61', 'Margaret', 'Lakin', 'cory31@example.org', '368aeb38beccfccb2754c1bd3f68fc236ba28da5', '5887832081', '0');
INSERT INTO `users` (`id`, `firstname`, `lastname`, `email`, `password_hash`, `phone`, `is_deleted`) VALUES ('62', 'Celine', 'Harvey', 'quinten21@example.com', '1f378a5ce345fc03b9d7ea8cf688428178258a80', '89', '0');
INSERT INTO `users` (`id`, `firstname`, `lastname`, `email`, `password_hash`, `phone`, `is_deleted`) VALUES ('63', 'Jayda', 'Steuber', 'schuster.clemmie@example.org', 'bc0c54dd212e37aa608176abc64b1eaf56bdf863', '0', '0');
INSERT INTO `users` (`id`, `firstname`, `lastname`, `email`, `password_hash`, `phone`, `is_deleted`) VALUES ('64', 'Monserrat', 'Mante', 'tpadberg@example.org', 'c57fcbb84333d93b227ce4f094dbe4dcb0dd030a', '650', '1');
INSERT INTO `users` (`id`, `firstname`, `lastname`, `email`, `password_hash`, `phone`, `is_deleted`) VALUES ('65', 'Orlo', 'Walker', 'kris.cecelia@example.org', '259b0c1ed1aeff78140d9675d36508a8367ebfae', '96', '0');
INSERT INTO `users` (`id`, `firstname`, `lastname`, `email`, `password_hash`, `phone`, `is_deleted`) VALUES ('66', 'Valentine', 'Lynch', 'martina58@example.net', '0e598ed097c8f643edf114cf14cb3b65527b7605', '0', '0');
INSERT INTO `users` (`id`, `firstname`, `lastname`, `email`, `password_hash`, `phone`, `is_deleted`) VALUES ('67', 'Jon', 'Reynolds', 'nicolas.aufderhar@example.org', 'e872fae22ce8a83a100168e9a437e85f2f7b88cf', '0', '1');
INSERT INTO `users` (`id`, `firstname`, `lastname`, `email`, `password_hash`, `phone`, `is_deleted`) VALUES ('68', 'Ryley', 'Terry', 'gay.reilly@example.org', '340da27e78f8b5e70a91eb1b6f1ecc6674c0b92a', '802', '1');
INSERT INTO `users` (`id`, `firstname`, `lastname`, `email`, `password_hash`, `phone`, `is_deleted`) VALUES ('69', 'Velda', 'Conn', 'deondre52@example.org', 'ed462a4b18194d9327eeda7601c15251bf4df08d', '849126', '1');
INSERT INTO `users` (`id`, `firstname`, `lastname`, `email`, `password_hash`, `phone`, `is_deleted`) VALUES ('70', 'Alfreda', 'Tremblay', 'orrin60@example.org', '4377e9115667d66e17607618c5da1b1af46f5382', '82689', '0');
INSERT INTO `users` (`id`, `firstname`, `lastname`, `email`, `password_hash`, `phone`, `is_deleted`) VALUES ('71', 'Chester', 'Muller', 'merl27@example.org', '4de563122aaad8204780b6cd5a730c4ab04e53f5', '882', '1');
INSERT INTO `users` (`id`, `firstname`, `lastname`, `email`, `password_hash`, `phone`, `is_deleted`) VALUES ('72', 'Theresia', 'Schuster', 'nienow.estrella@example.com', 'c9367ffbb68a9335b391e9ddfc3d57968307992e', '1', '0');
INSERT INTO `users` (`id`, `firstname`, `lastname`, `email`, `password_hash`, `phone`, `is_deleted`) VALUES ('73', 'Julianne', 'Leffler', 'schmidt.kiley@example.com', '8d9ba809cbe9f19ca01beb330c700a8115f85f98', '579665', '0');
INSERT INTO `users` (`id`, `firstname`, `lastname`, `email`, `password_hash`, `phone`, `is_deleted`) VALUES ('74', 'Robyn', 'Schoen', 'bfahey@example.com', 'a9f99e02b3bea53f1a1b18ce5dbd6deff134b51d', '7563539362', '0');
INSERT INTO `users` (`id`, `firstname`, `lastname`, `email`, `password_hash`, `phone`, `is_deleted`) VALUES ('75', 'Loraine', 'Osinski', 'aschiller@example.org', 'f0584caea70425ca921f009060ecba3155c806c9', '673668', '0');
INSERT INTO `users` (`id`, `firstname`, `lastname`, `email`, `password_hash`, `phone`, `is_deleted`) VALUES ('76', 'Verona', 'Stracke', 'boyer.joey@example.net', '3c24f52e329048b15bb0bdda336c258137299689', '395', '0');
INSERT INTO `users` (`id`, `firstname`, `lastname`, `email`, `password_hash`, `phone`, `is_deleted`) VALUES ('77', 'Dawn', 'Labadie', 'weimann.orpha@example.org', 'fe0b1670e747268779c60d5d81a9fe3892486684', '0', '1');
INSERT INTO `users` (`id`, `firstname`, `lastname`, `email`, `password_hash`, `phone`, `is_deleted`) VALUES ('78', 'Maxine', 'Kertzmann', 'everett.raynor@example.org', '6b8a56b61d94f6f8aefcc4e10dedf0d7dcb2fcf6', '1', '1');
INSERT INTO `users` (`id`, `firstname`, `lastname`, `email`, `password_hash`, `phone`, `is_deleted`) VALUES ('79', 'David', 'Marks', 'juvenal.sawayn@example.net', '0eab47390cf10e6683aa510539a02e0289b8d9e3', '32', '0');
INSERT INTO `users` (`id`, `firstname`, `lastname`, `email`, `password_hash`, `phone`, `is_deleted`) VALUES ('80', 'Sigurd', 'Hermiston', 'ignacio.hessel@example.org', 'fb663bfa8552e18226a21b32f9a4c025b82d83af', '0', '1');
INSERT INTO `users` (`id`, `firstname`, `lastname`, `email`, `password_hash`, `phone`, `is_deleted`) VALUES ('81', 'Walker', 'Beer', 'yreynolds@example.com', '457502af9dfe84d29422b2ca7300ae7885a5f862', '0', '0');
INSERT INTO `users` (`id`, `firstname`, `lastname`, `email`, `password_hash`, `phone`, `is_deleted`) VALUES ('82', 'Ramon', 'Reinger', 'crooks.adeline@example.org', 'd6957776885087aae5c1c457ca9bee97cc261b8c', '863', '0');
INSERT INTO `users` (`id`, `firstname`, `lastname`, `email`, `password_hash`, `phone`, `is_deleted`) VALUES ('83', 'Nyasia', 'Hirthe', 'russel.sierra@example.com', 'db1dc5493a2b1eea61e6ef4bf0ba9c49e7e617cf', '0', '0');
INSERT INTO `users` (`id`, `firstname`, `lastname`, `email`, `password_hash`, `phone`, `is_deleted`) VALUES ('84', 'Efren', 'Osinski', 'goodwin.georgianna@example.net', 'aa63eda6330317acd13a8527c4a2e5167b37dd5d', '87', '1');
INSERT INTO `users` (`id`, `firstname`, `lastname`, `email`, `password_hash`, `phone`, `is_deleted`) VALUES ('85', 'Norwood', 'Cassin', 'cole.susan@example.net', 'b0c0213ac95946b2b00c49340bc0afff7763a42f', '280', '0');
INSERT INTO `users` (`id`, `firstname`, `lastname`, `email`, `password_hash`, `phone`, `is_deleted`) VALUES ('86', 'Agustin', 'Sawayn', 'fred47@example.org', '491fd134709adde733ad5d862cd2fff0ddf202fb', '0', '0');
INSERT INTO `users` (`id`, `firstname`, `lastname`, `email`, `password_hash`, `phone`, `is_deleted`) VALUES ('87', 'Laverne', 'Beier', 'vance67@example.org', 'add1062dc974bbd5b21648b7722d9e263bb6c0c2', '1', '0');
INSERT INTO `users` (`id`, `firstname`, `lastname`, `email`, `password_hash`, `phone`, `is_deleted`) VALUES ('88', 'Keenan', 'Grady', 'tschiller@example.org', '4e5257f536b138aeaf0fc67b53f79108f690eb5a', '1', '0');
INSERT INTO `users` (`id`, `firstname`, `lastname`, `email`, `password_hash`, `phone`, `is_deleted`) VALUES ('89', 'Ozella', 'Jacobs', 'okuneva.lorena@example.com', '5a5cc22e27a8f0c560336ed4606b85f6ac349456', '605', '0');
INSERT INTO `users` (`id`, `firstname`, `lastname`, `email`, `password_hash`, `phone`, `is_deleted`) VALUES ('90', 'Wade', 'Labadie', 'wiegand.doyle@example.net', '2aebd12ae7a57a9b2f85cf74bb24cfa8481cc150', '1', '0');
INSERT INTO `users` (`id`, `firstname`, `lastname`, `email`, `password_hash`, `phone`, `is_deleted`) VALUES ('91', 'Anika', 'Mann', 'larkin.isabella@example.org', '039511532e85c50ffd51e731dd9750d13d12fdde', '968062982', '0');
INSERT INTO `users` (`id`, `firstname`, `lastname`, `email`, `password_hash`, `phone`, `is_deleted`) VALUES ('92', 'Marcelino', 'Bergstrom', 'madilyn.baumbach@example.com', '1b272d5b60221af0ca2837c1d83495ee72724996', '63', '1');
INSERT INTO `users` (`id`, `firstname`, `lastname`, `email`, `password_hash`, `phone`, `is_deleted`) VALUES ('93', 'Dallas', 'Hane', 'aklein@example.com', '0e4ff7913bff93f1363b62f967cda37b849e98eb', '49', '1');
INSERT INTO `users` (`id`, `firstname`, `lastname`, `email`, `password_hash`, `phone`, `is_deleted`) VALUES ('94', 'Alejandrin', 'Gaylord', 'ijohnston@example.net', '8c0653c8a836eb294cfdd737e823931d6e62ea9a', '1', '1');
INSERT INTO `users` (`id`, `firstname`, `lastname`, `email`, `password_hash`, `phone`, `is_deleted`) VALUES ('95', 'Rae', 'Weimann', 'mohamed55@example.org', 'a5199074d4bc4b67ef60debfce786a94d802d976', '450298', '1');
INSERT INTO `users` (`id`, `firstname`, `lastname`, `email`, `password_hash`, `phone`, `is_deleted`) VALUES ('96', 'Frederic', 'Runte', 'francesco43@example.com', '093b3e0265857be85c53eb9e213c42da8b545d9d', '920', '0');
INSERT INTO `users` (`id`, `firstname`, `lastname`, `email`, `password_hash`, `phone`, `is_deleted`) VALUES ('97', 'Roberta', 'Gleichner', 'rempel.hazle@example.net', '2088a1dfdaf4cb96efb25c731636886813914eed', '495', '0');
INSERT INTO `users` (`id`, `firstname`, `lastname`, `email`, `password_hash`, `phone`, `is_deleted`) VALUES ('98', 'Albina', 'Shanahan', 'hillary.wuckert@example.com', '49d06dbaae7bcbde6a9ba63be2fccc884013bfec', '3102340186', '0');
INSERT INTO `users` (`id`, `firstname`, `lastname`, `email`, `password_hash`, `phone`, `is_deleted`) VALUES ('99', 'Finn', 'Considine', 'morar.jaylin@example.net', '3ca06849d67a8b3560969fd8a94302eb9022e83b', '1', '1');
INSERT INTO `users` (`id`, `firstname`, `lastname`, `email`, `password_hash`, `phone`, `is_deleted`) VALUES ('100', 'Trisha', 'Weissnat', 'mills.maybell@example.com', 'f56bf612353c35a97b373320c2c7daa4e924131c', '0', '0');

#
# TABLE STRUCTURE FOR: profiles
#

DROP TABLE IF EXISTS `profiles`;

CREATE TABLE `profiles` (
  `user_id` bigint(20) unsigned NOT NULL AUTO_INCREMENT,
  `gender` char(1) COLLATE utf8mb4_unicode_ci DEFAULT NULL,
  `birthday` date DEFAULT NULL,
  `photo_id` bigint(20) unsigned DEFAULT NULL,
  `created_at` datetime DEFAULT current_timestamp(),
  `hometown` varchar(100) COLLATE utf8mb4_unicode_ci DEFAULT NULL,
  PRIMARY KEY (`user_id`)
) ENGINE=InnoDB AUTO_INCREMENT=101 DEFAULT CHARSET=utf8mb4 COLLATE=utf8mb4_unicode_ci;

INSERT INTO `profiles` (`user_id`, `gender`, `birthday`, `photo_id`, `created_at`, `hometown`) VALUES ('1', '', '2006-11-30', '0', '1978-02-11 23:22:34', 'East Deionbury');
INSERT INTO `profiles` (`user_id`, `gender`, `birthday`, `photo_id`, `created_at`, `hometown`) VALUES ('2', 'f', '2010-10-16', '0', '1983-07-10 15:58:28', 'Conroyberg');
INSERT INTO `profiles` (`user_id`, `gender`, `birthday`, `photo_id`, `created_at`, `hometown`) VALUES ('3', '', '2001-12-09', '0', '1973-12-27 00:06:39', 'South Lynnport');
INSERT INTO `profiles` (`user_id`, `gender`, `birthday`, `photo_id`, `created_at`, `hometown`) VALUES ('4', '', '1992-01-18', '0', '2012-06-10 18:49:46', 'Hansenchester');
INSERT INTO `profiles` (`user_id`, `gender`, `birthday`, `photo_id`, `created_at`, `hometown`) VALUES ('5', 'f', '1999-05-26', '0', '2009-01-18 00:56:26', 'Muellerland');
INSERT INTO `profiles` (`user_id`, `gender`, `birthday`, `photo_id`, `created_at`, `hometown`) VALUES ('6', '', '2007-08-01', '0', '1980-07-25 02:48:20', 'East Jeffereybury');
INSERT INTO `profiles` (`user_id`, `gender`, `birthday`, `photo_id`, `created_at`, `hometown`) VALUES ('7', 'f', '1989-11-29', '0', '2009-02-26 03:47:09', 'East Muriel');
INSERT INTO `profiles` (`user_id`, `gender`, `birthday`, `photo_id`, `created_at`, `hometown`) VALUES ('8', '', '2010-01-19', '0', '2015-12-10 14:33:58', 'Reeseton');
INSERT INTO `profiles` (`user_id`, `gender`, `birthday`, `photo_id`, `created_at`, `hometown`) VALUES ('9', 'f', '1996-05-01', '0', '1986-07-04 10:46:12', 'Wisozkfort');
INSERT INTO `profiles` (`user_id`, `gender`, `birthday`, `photo_id`, `created_at`, `hometown`) VALUES ('10', '', '1999-03-01', '0', '2019-04-14 00:45:19', 'West Luciousmouth');
INSERT INTO `profiles` (`user_id`, `gender`, `birthday`, `photo_id`, `created_at`, `hometown`) VALUES ('11', 'f', '1999-01-31', '0', '1976-04-06 17:09:55', 'Daishaborough');
INSERT INTO `profiles` (`user_id`, `gender`, `birthday`, `photo_id`, `created_at`, `hometown`) VALUES ('12', '', '2017-12-05', '0', '1980-08-04 06:05:28', 'East Lauren');
INSERT INTO `profiles` (`user_id`, `gender`, `birthday`, `photo_id`, `created_at`, `hometown`) VALUES ('13', 'f', '1998-01-26', '0', '2001-06-04 17:41:04', 'West Eldridgemouth');
INSERT INTO `profiles` (`user_id`, `gender`, `birthday`, `photo_id`, `created_at`, `hometown`) VALUES ('14', '', '1994-06-27', '0', '1999-11-20 07:26:31', 'West Tobytown');
INSERT INTO `profiles` (`user_id`, `gender`, `birthday`, `photo_id`, `created_at`, `hometown`) VALUES ('15', 'f', '1979-06-27', '0', '1985-06-05 21:36:40', 'Tremblayville');
INSERT INTO `profiles` (`user_id`, `gender`, `birthday`, `photo_id`, `created_at`, `hometown`) VALUES ('16', '', '2021-02-14', '0', '2022-10-18 05:55:34', 'Breanaberg');
INSERT INTO `profiles` (`user_id`, `gender`, `birthday`, `photo_id`, `created_at`, `hometown`) VALUES ('17', 'f', '1990-06-10', '0', '2003-09-11 21:56:42', 'Gregmouth');
INSERT INTO `profiles` (`user_id`, `gender`, `birthday`, `photo_id`, `created_at`, `hometown`) VALUES ('18', 'f', '2015-11-23', '0', '1999-10-07 14:54:39', 'Owenbury');
INSERT INTO `profiles` (`user_id`, `gender`, `birthday`, `photo_id`, `created_at`, `hometown`) VALUES ('19', '', '2002-02-13', '0', '1982-12-31 19:34:42', 'Brionnamouth');
INSERT INTO `profiles` (`user_id`, `gender`, `birthday`, `photo_id`, `created_at`, `hometown`) VALUES ('20', '', '2017-09-18', '0', '1973-07-30 14:05:43', 'Wilfredoton');
INSERT INTO `profiles` (`user_id`, `gender`, `birthday`, `photo_id`, `created_at`, `hometown`) VALUES ('21', 'f', '2006-10-09', '0', '1985-12-31 00:10:07', 'Rathtown');
INSERT INTO `profiles` (`user_id`, `gender`, `birthday`, `photo_id`, `created_at`, `hometown`) VALUES ('22', 'f', '1979-05-05', '0', '2000-01-28 17:14:05', 'New Alizehaven');
INSERT INTO `profiles` (`user_id`, `gender`, `birthday`, `photo_id`, `created_at`, `hometown`) VALUES ('23', '', '2004-09-13', '0', '2015-02-18 18:47:19', 'South Beatriceview');
INSERT INTO `profiles` (`user_id`, `gender`, `birthday`, `photo_id`, `created_at`, `hometown`) VALUES ('24', 'f', '1992-10-05', '0', '2010-10-06 20:21:22', 'Lake Rossberg');
INSERT INTO `profiles` (`user_id`, `gender`, `birthday`, `photo_id`, `created_at`, `hometown`) VALUES ('25', '', '1983-01-26', '0', '2004-08-23 08:56:40', 'North Wilfridside');
INSERT INTO `profiles` (`user_id`, `gender`, `birthday`, `photo_id`, `created_at`, `hometown`) VALUES ('26', '', '1992-03-02', '0', '1970-08-06 03:25:50', 'West Amber');
INSERT INTO `profiles` (`user_id`, `gender`, `birthday`, `photo_id`, `created_at`, `hometown`) VALUES ('27', '', '1975-11-08', '0', '2004-02-26 11:06:10', 'Port Roscoeview');
INSERT INTO `profiles` (`user_id`, `gender`, `birthday`, `photo_id`, `created_at`, `hometown`) VALUES ('28', '', '2017-07-24', '0', '2011-01-08 04:45:16', 'Isadorehaven');
INSERT INTO `profiles` (`user_id`, `gender`, `birthday`, `photo_id`, `created_at`, `hometown`) VALUES ('29', '', '2010-03-31', '0', '1987-11-15 21:18:36', 'Norenehaven');
INSERT INTO `profiles` (`user_id`, `gender`, `birthday`, `photo_id`, `created_at`, `hometown`) VALUES ('30', 'f', '1979-12-09', '0', '1982-06-11 19:45:16', 'New Kierantown');
INSERT INTO `profiles` (`user_id`, `gender`, `birthday`, `photo_id`, `created_at`, `hometown`) VALUES ('31', 'f', '1974-07-14', '0', '1980-09-13 17:41:50', 'New Lesliefort');
INSERT INTO `profiles` (`user_id`, `gender`, `birthday`, `photo_id`, `created_at`, `hometown`) VALUES ('32', '', '1989-07-04', '0', '1972-03-26 13:47:30', 'North Kelleyport');
INSERT INTO `profiles` (`user_id`, `gender`, `birthday`, `photo_id`, `created_at`, `hometown`) VALUES ('33', '', '1983-08-31', '0', '1991-07-08 02:16:20', 'East Ellsworthfort');
INSERT INTO `profiles` (`user_id`, `gender`, `birthday`, `photo_id`, `created_at`, `hometown`) VALUES ('34', '', '1993-11-28', '0', '1975-11-24 11:16:19', 'East Virgie');
INSERT INTO `profiles` (`user_id`, `gender`, `birthday`, `photo_id`, `created_at`, `hometown`) VALUES ('35', 'f', '2006-08-22', '0', '2016-01-20 00:18:32', 'Aryannahaven');
INSERT INTO `profiles` (`user_id`, `gender`, `birthday`, `photo_id`, `created_at`, `hometown`) VALUES ('36', '', '1997-01-16', '0', '2010-02-10 03:57:13', 'Rolandofurt');
INSERT INTO `profiles` (`user_id`, `gender`, `birthday`, `photo_id`, `created_at`, `hometown`) VALUES ('37', 'f', '2022-02-17', '0', '1984-01-22 19:16:07', 'O\'Haraland');
INSERT INTO `profiles` (`user_id`, `gender`, `birthday`, `photo_id`, `created_at`, `hometown`) VALUES ('38', '', '2020-09-05', '0', '2022-12-28 19:56:12', 'Haleymouth');
INSERT INTO `profiles` (`user_id`, `gender`, `birthday`, `photo_id`, `created_at`, `hometown`) VALUES ('39', '', '1974-08-09', '0', '2000-09-25 17:55:48', 'West Aidenmouth');
INSERT INTO `profiles` (`user_id`, `gender`, `birthday`, `photo_id`, `created_at`, `hometown`) VALUES ('40', '', '2015-09-10', '0', '2009-12-10 15:35:20', 'Blancaton');
INSERT INTO `profiles` (`user_id`, `gender`, `birthday`, `photo_id`, `created_at`, `hometown`) VALUES ('41', 'f', '1995-01-31', '0', '2014-03-03 21:11:22', 'Armstrongview');
INSERT INTO `profiles` (`user_id`, `gender`, `birthday`, `photo_id`, `created_at`, `hometown`) VALUES ('42', 'f', '1994-08-18', '0', '2001-05-15 16:07:31', 'Lake Mariana');
INSERT INTO `profiles` (`user_id`, `gender`, `birthday`, `photo_id`, `created_at`, `hometown`) VALUES ('43', '', '1980-01-08', '0', '2009-08-12 18:30:00', 'Ahmedhaven');
INSERT INTO `profiles` (`user_id`, `gender`, `birthday`, `photo_id`, `created_at`, `hometown`) VALUES ('44', 'f', '1994-03-25', '0', '1998-04-15 17:02:35', 'Wiegandbury');
INSERT INTO `profiles` (`user_id`, `gender`, `birthday`, `photo_id`, `created_at`, `hometown`) VALUES ('45', 'f', '1989-04-26', '0', '2009-11-29 22:07:15', 'Bradhaven');
INSERT INTO `profiles` (`user_id`, `gender`, `birthday`, `photo_id`, `created_at`, `hometown`) VALUES ('46', 'f', '1974-04-10', '0', '1970-05-29 15:26:18', 'Treutelmouth');
INSERT INTO `profiles` (`user_id`, `gender`, `birthday`, `photo_id`, `created_at`, `hometown`) VALUES ('47', 'f', '1986-09-26', '0', '1994-05-21 20:37:26', 'Lake Aisha');
INSERT INTO `profiles` (`user_id`, `gender`, `birthday`, `photo_id`, `created_at`, `hometown`) VALUES ('48', 'f', '2009-02-21', '0', '2011-06-17 19:20:40', 'South Deion');
INSERT INTO `profiles` (`user_id`, `gender`, `birthday`, `photo_id`, `created_at`, `hometown`) VALUES ('49', 'f', '2008-04-02', '0', '1990-02-05 08:58:00', 'North Ivy');
INSERT INTO `profiles` (`user_id`, `gender`, `birthday`, `photo_id`, `created_at`, `hometown`) VALUES ('50', '', '1978-07-25', '0', '1997-09-09 22:02:27', 'McLaughlinstad');
INSERT INTO `profiles` (`user_id`, `gender`, `birthday`, `photo_id`, `created_at`, `hometown`) VALUES ('51', '', '2008-03-24', '0', '2019-03-03 11:15:53', 'North Zeldamouth');
INSERT INTO `profiles` (`user_id`, `gender`, `birthday`, `photo_id`, `created_at`, `hometown`) VALUES ('52', '', '1986-01-31', '0', '1995-05-14 05:38:04', 'Romagueraton');
INSERT INTO `profiles` (`user_id`, `gender`, `birthday`, `photo_id`, `created_at`, `hometown`) VALUES ('53', 'f', '1992-12-25', '0', '1988-10-16 16:37:01', 'North Annabelle');
INSERT INTO `profiles` (`user_id`, `gender`, `birthday`, `photo_id`, `created_at`, `hometown`) VALUES ('54', '', '1970-11-09', '0', '1987-06-23 20:15:42', 'South Conrad');
INSERT INTO `profiles` (`user_id`, `gender`, `birthday`, `photo_id`, `created_at`, `hometown`) VALUES ('55', '', '2017-03-05', '0', '2022-09-02 05:31:28', 'West Karolann');
INSERT INTO `profiles` (`user_id`, `gender`, `birthday`, `photo_id`, `created_at`, `hometown`) VALUES ('56', 'f', '1980-10-31', '0', '1993-08-20 02:23:07', 'Pagacfort');
INSERT INTO `profiles` (`user_id`, `gender`, `birthday`, `photo_id`, `created_at`, `hometown`) VALUES ('57', '', '1982-10-27', '0', '1976-02-16 19:10:17', 'Jerrellhaven');
INSERT INTO `profiles` (`user_id`, `gender`, `birthday`, `photo_id`, `created_at`, `hometown`) VALUES ('58', 'f', '2014-05-31', '0', '2019-12-20 14:28:50', 'Nickolasbury');
INSERT INTO `profiles` (`user_id`, `gender`, `birthday`, `photo_id`, `created_at`, `hometown`) VALUES ('59', 'f', '1985-12-07', '0', '1991-12-24 19:37:40', 'Port Margiemouth');
INSERT INTO `profiles` (`user_id`, `gender`, `birthday`, `photo_id`, `created_at`, `hometown`) VALUES ('60', 'f', '1979-02-14', '0', '1992-11-28 14:06:15', 'New Lindafort');
INSERT INTO `profiles` (`user_id`, `gender`, `birthday`, `photo_id`, `created_at`, `hometown`) VALUES ('61', 'f', '1982-02-27', '0', '2017-04-01 18:32:01', 'West Amalia');
INSERT INTO `profiles` (`user_id`, `gender`, `birthday`, `photo_id`, `created_at`, `hometown`) VALUES ('62', 'f', '2000-06-13', '0', '1970-06-21 21:03:56', 'Lake Maximillian');
INSERT INTO `profiles` (`user_id`, `gender`, `birthday`, `photo_id`, `created_at`, `hometown`) VALUES ('63', '', '1980-10-03', '0', '1997-05-02 05:27:37', 'Westland');
INSERT INTO `profiles` (`user_id`, `gender`, `birthday`, `photo_id`, `created_at`, `hometown`) VALUES ('64', 'f', '1995-02-24', '0', '1994-06-21 06:41:22', 'Mannmouth');
INSERT INTO `profiles` (`user_id`, `gender`, `birthday`, `photo_id`, `created_at`, `hometown`) VALUES ('65', '', '1975-01-10', '0', '2001-07-30 17:10:06', 'Oberbrunnerville');
INSERT INTO `profiles` (`user_id`, `gender`, `birthday`, `photo_id`, `created_at`, `hometown`) VALUES ('66', 'f', '1997-02-12', '0', '1996-08-17 21:30:00', 'Avamouth');
INSERT INTO `profiles` (`user_id`, `gender`, `birthday`, `photo_id`, `created_at`, `hometown`) VALUES ('67', 'f', '1987-11-18', '0', '1995-01-26 05:20:45', 'South Kendrick');
INSERT INTO `profiles` (`user_id`, `gender`, `birthday`, `photo_id`, `created_at`, `hometown`) VALUES ('68', '', '1986-04-16', '0', '2005-07-18 18:31:11', 'Humbertoshire');
INSERT INTO `profiles` (`user_id`, `gender`, `birthday`, `photo_id`, `created_at`, `hometown`) VALUES ('69', '', '2022-04-19', '0', '2012-06-18 04:46:57', 'Eunafort');
INSERT INTO `profiles` (`user_id`, `gender`, `birthday`, `photo_id`, `created_at`, `hometown`) VALUES ('70', '', '2023-03-22', '0', '1986-01-17 01:42:17', 'Effertzshire');
INSERT INTO `profiles` (`user_id`, `gender`, `birthday`, `photo_id`, `created_at`, `hometown`) VALUES ('71', 'f', '1985-11-21', '0', '2022-01-17 13:23:25', 'Christachester');
INSERT INTO `profiles` (`user_id`, `gender`, `birthday`, `photo_id`, `created_at`, `hometown`) VALUES ('72', 'f', '1980-05-24', '0', '1984-12-17 05:15:43', 'North Josie');
INSERT INTO `profiles` (`user_id`, `gender`, `birthday`, `photo_id`, `created_at`, `hometown`) VALUES ('73', '', '1997-10-03', '0', '1972-04-09 10:49:59', 'Earlinehaven');
INSERT INTO `profiles` (`user_id`, `gender`, `birthday`, `photo_id`, `created_at`, `hometown`) VALUES ('74', 'f', '1981-06-12', '0', '1976-06-08 20:32:13', 'Aaronberg');
INSERT INTO `profiles` (`user_id`, `gender`, `birthday`, `photo_id`, `created_at`, `hometown`) VALUES ('75', '', '1979-10-29', '0', '1971-04-21 18:00:48', 'East Kelliside');
INSERT INTO `profiles` (`user_id`, `gender`, `birthday`, `photo_id`, `created_at`, `hometown`) VALUES ('76', '', '2000-03-03', '0', '1984-11-29 12:42:20', 'Tedville');
INSERT INTO `profiles` (`user_id`, `gender`, `birthday`, `photo_id`, `created_at`, `hometown`) VALUES ('77', '', '2023-03-03', '0', '2009-02-12 09:16:59', 'Lydamouth');
INSERT INTO `profiles` (`user_id`, `gender`, `birthday`, `photo_id`, `created_at`, `hometown`) VALUES ('78', '', '2012-08-27', '0', '2004-05-09 12:12:05', 'New Geraldinemouth');
INSERT INTO `profiles` (`user_id`, `gender`, `birthday`, `photo_id`, `created_at`, `hometown`) VALUES ('79', 'f', '1978-09-05', '0', '2017-01-19 18:25:19', 'New Pattie');
INSERT INTO `profiles` (`user_id`, `gender`, `birthday`, `photo_id`, `created_at`, `hometown`) VALUES ('80', '', '1985-03-30', '0', '1978-10-28 17:56:51', 'Pfannerstillberg');
INSERT INTO `profiles` (`user_id`, `gender`, `birthday`, `photo_id`, `created_at`, `hometown`) VALUES ('81', '', '2013-03-15', '0', '2009-01-03 14:18:00', 'Brauntown');
INSERT INTO `profiles` (`user_id`, `gender`, `birthday`, `photo_id`, `created_at`, `hometown`) VALUES ('82', 'f', '2010-09-28', '0', '2000-12-21 16:52:31', 'Port Quinten');
INSERT INTO `profiles` (`user_id`, `gender`, `birthday`, `photo_id`, `created_at`, `hometown`) VALUES ('83', 'f', '2015-08-25', '0', '2005-06-22 00:00:15', 'Alitown');
INSERT INTO `profiles` (`user_id`, `gender`, `birthday`, `photo_id`, `created_at`, `hometown`) VALUES ('84', 'f', '1984-10-15', '0', '2009-05-07 21:14:42', 'North Shany');
INSERT INTO `profiles` (`user_id`, `gender`, `birthday`, `photo_id`, `created_at`, `hometown`) VALUES ('85', '', '2010-09-08', '0', '2001-11-20 20:36:03', 'Sunnyborough');
INSERT INTO `profiles` (`user_id`, `gender`, `birthday`, `photo_id`, `created_at`, `hometown`) VALUES ('86', '', '1983-07-11', '0', '2002-01-15 20:34:10', 'North Constantinborough');
INSERT INTO `profiles` (`user_id`, `gender`, `birthday`, `photo_id`, `created_at`, `hometown`) VALUES ('87', '', '1976-02-26', '0', '2022-02-25 09:16:53', 'Schaeferport');
INSERT INTO `profiles` (`user_id`, `gender`, `birthday`, `photo_id`, `created_at`, `hometown`) VALUES ('88', 'f', '2017-07-17', '0', '1970-02-14 06:46:10', 'East Bellstad');
INSERT INTO `profiles` (`user_id`, `gender`, `birthday`, `photo_id`, `created_at`, `hometown`) VALUES ('89', '', '1996-08-14', '0', '2013-08-01 00:31:10', 'Clarkstad');
INSERT INTO `profiles` (`user_id`, `gender`, `birthday`, `photo_id`, `created_at`, `hometown`) VALUES ('90', 'f', '2011-04-08', '0', '2004-02-12 16:06:41', 'East Colin');
INSERT INTO `profiles` (`user_id`, `gender`, `birthday`, `photo_id`, `created_at`, `hometown`) VALUES ('91', 'f', '2016-10-17', '0', '1985-01-19 13:01:49', 'Stefanbury');
INSERT INTO `profiles` (`user_id`, `gender`, `birthday`, `photo_id`, `created_at`, `hometown`) VALUES ('92', 'f', '1990-11-26', '0', '2001-06-01 19:43:23', 'New Cara');
INSERT INTO `profiles` (`user_id`, `gender`, `birthday`, `photo_id`, `created_at`, `hometown`) VALUES ('93', 'f', '2007-08-28', '0', '2015-01-10 00:50:59', 'Laynechester');
INSERT INTO `profiles` (`user_id`, `gender`, `birthday`, `photo_id`, `created_at`, `hometown`) VALUES ('94', '', '2001-10-17', '0', '1983-02-07 05:16:51', 'Lake Green');
INSERT INTO `profiles` (`user_id`, `gender`, `birthday`, `photo_id`, `created_at`, `hometown`) VALUES ('95', '', '1986-02-27', '0', '2001-06-02 04:56:52', 'Kundebury');
INSERT INTO `profiles` (`user_id`, `gender`, `birthday`, `photo_id`, `created_at`, `hometown`) VALUES ('96', 'f', '2022-06-01', '0', '1974-12-07 06:03:14', 'West Xavier');
INSERT INTO `profiles` (`user_id`, `gender`, `birthday`, `photo_id`, `created_at`, `hometown`) VALUES ('97', 'f', '1980-07-12', '0', '2007-09-12 08:29:02', 'Alanahaven');
INSERT INTO `profiles` (`user_id`, `gender`, `birthday`, `photo_id`, `created_at`, `hometown`) VALUES ('98', '', '1975-02-15', '0', '1971-11-26 09:04:56', 'Lake Christopherland');
INSERT INTO `profiles` (`user_id`, `gender`, `birthday`, `photo_id`, `created_at`, `hometown`) VALUES ('99', 'f', '1996-08-26', '0', '1987-08-30 02:47:55', 'Port Erickmouth');
INSERT INTO `profiles` (`user_id`, `gender`, `birthday`, `photo_id`, `created_at`, `hometown`) VALUES ('100', 'f', '2004-05-05', '0', '1999-10-13 02:56:13', 'Faychester');



